Workbook
Name Acc1_: Sheet1!$B$29
Name Acc1単価: Sheet1!$B$22
Name Acc2_: Sheet1!$B$30
Name Acc2単価: Sheet1!$B$23
Name Acc3_: Sheet1!$B$31
Name Acc3単価: Sheet1!$B$24
Name CPU1_: Sheet1!$B$25
Name CPU1単価: Sheet1!$B$18
Name CPU2_: Sheet1!$B$26
Name CPU2単価: Sheet1!$B$19
Name Mem1_: Sheet1!$B$27
Name Mem1単価: Sheet1!$B$20
Name Mem2_: Sheet1!$B$28
Name Mem2単価: Sheet1!$B$21
Name サービス: Sheet1!$A$1:$A$5
Name ストレージ一般解析Quota設定のみ: Sheet1!$A$9
Name ストレージ一般解析Quota設定のみ単価: Sheet1!$B$15
Name ストレージ個人ゲノムQuota設定のみ: Sheet1!$A$10
Name ストレージ個人ゲノムQuota設定のみ基本料金: Sheet1!$B$17
Name ストレージ個人ゲノムQuota設定のみ単価: Sheet1!$B$16
Name ストレージ大規模利用_一般解析区画: Sheet1!$B$1
Name ストレージ大規模利用_個人ゲノム区画: Sheet1!$B$2
Name 計算ノードGPU専用Slurm_個人ゲノム区画: Sheet1!$B$5
Name 計算ノード占有利用_一般解析区画: Sheet1!$B$3:$D$3
Name 計算ノード占有利用_個人ゲノム区画: Sheet1!$B$4:$G$4
Name 計算ノード優先利用_一般解析区画: Sheet1!$B$6:$H$6
Name 計算ノード優先利用_個人ゲノム区画: Sheet1!$B$7:$H$7
Name 消費税: Sheet1!$B$14
Name 年: 料金試算表!$A$1
Name 年間日数: Sheet1!$B$13

Sheet 利用目的等
G1: 申請日 | H1: 年 | I1: 月 | J1: 日
A2: １・責任者情報
A3: 責任者名
A4: 責任者アカウント名
A5: 責任者所属
A6: 責任者職名
A9: ２・研究プロジェクト名（プロジェクト名があれば記入してください）
A12: ３・ユーザー一覧 (※）グループは通常は責任者1名に対して１つ作られます。同一グループのユーザーは互いにファイルの読み書きが出来ます。ファイルアクセス制御のため責任者1名に対して複数のグループを作成したい場合は表の中に希望グループ名を記載してください。
A13: No. | B13: 氏名 | C13: E-mail | D13: 希望アカウント名 | E13: 希望グループ名（※） | F13: 所属・職名
A14: 1
A15: 2
A16: 3
A17: 4
A18: 5
A19: 6
A20: 7
A21: 8
A22: 9
A23: 10
A24: 11
A25: 12
... A29: 16
A31: ４・研究利用内容 (利用目的、利用するプログラム等)
A56: ５・利用リソース量の計画 (希望するリソース量および必要リソース量の見積方法)
A83: ６・その他の希望事項

Sheet 料金試算表
A1: 2026 | B1: 料金試算表
A2: 一般解析区画を利用し、ストレージ利用量が責任者あたりの合計で30TB以下の場合は無料となります。
A4: 申請日：
A5: 責任者名：
A6: 責任者アカウント：
A7: 責任者所属：
A8: 開始日 | B8: 終了日 | C8: サービス | D8: 種別 | E8: アカウント名またはグループ名 | O8: リソース量合計 | P8: サービス種別 | Q8: リソース量合計 | R8: 第一期日数 | S8: 第二期日数 | T8: 第三期日数 | U8: 第一期料金 (消費税込み) | V8: 第二期料金 (消費税込み) | W8: 第三期料金 (消費税込み)
E9: 氏名
A12: 46113 | B12: 46477 | C12: ストレージ大規模利用_一般解析区画 | D12: Quota設定のみ | O12: =IF( AND(SUM(E12:N12)>0,OR(C12=Sheet1!$A$1,C12=Sheet1!$A$2)), CONCATENATE(SUM(E12:N12),"TB"), IF( AND(SUM(E12:N12)>0,OR(C12=Sheet1!$A$6,C12=Sheet1!$A$3,C12=Sheet1!$A$7,C12=Sheet1!$A$4),D12=Sheet1!$B$31), CONCATENATE(SUM(E12:N12),"台"), IF( AND( SUM(E12:N12)>0, OR(C12=Sheet1!$A$6,C12=Sheet1!$A$3,C12=Sheet1!$A$7,C12=Sheet1!$A$4,C12=Sheet1!$A$5), OR(D12=Sheet1!$B$25,D12=Sheet1!$B$26,D12=Sheet1!$B$27,D12=Sheet1!$B$28,D12=Sheet1!$B$29,D12=Sheet1!$B$30) ), CONCATENATE(SUM(E12:N12),"単位"), "" ) ) ) | P12: =C12&D12 -> ストレージ大規模利用_一般解析区画Quota設定のみ | Q12: =SUM(E12:N12) -> 0 | R12: =IF(AND($A12<=DATE(年,4,1),$B12>=DATE(年,7,31)),DATEDIF(DATE(年,4,1),DATE(年,7,31),"d")+1,IF(AND($A12>DATE(年,4,1),$A12<=DATE(年,7,31),$B12>=DATE(年,7,31)),DATEDIF($A12,DATE(年,7,31),"d")+1,IF(AND($A12<=DATE(年,4,1),$B12>=DATE(年,4,1),$B12<=DATE(年,7,31)),DATEDIF(DATE(年,4,1),$B12,"d")+1,IF(AND($A12>=DATE(年,4,1),$A12<=DATE(年,7,31),$B12>=DATE(年,4,1),$B12<=DATE(年,7,31)),DATEDIF(A12,B12,"d")+1,0)))) -> 122 | S12: =IF(AND($A12<=DATE(年,8,1),$B12>=DATE(年,11,30)),DATEDIF(DATE(年,8,1),DATE(年,11,30),"d")+1,IF(AND($A12>DATE(年,8,1),$A12<=DATE(年,11,30),$B12>=DATE(年,11,30)),DATEDIF($A12,DATE(年,11,30),"d")+1,IF(AND($A12<=DATE(年,8,1),$B12>=DATE(年,8,1),$B12<=DATE(年,11,30)),DATEDIF(DATE(年,8,1),$B12,"d")+1,IF(AND($A12>=DATE(年,8,1),$A12<=DATE(年,11,30),$B12>=DATE(年,8,1),$B12<=DATE(年,11,30)),DATEDIF($A12,$B12,"d")+1,0)))) -> 122 | T12: =IF(AND($A12<=DATE(年,12,1),$B12>=DATE(年+1,3,31)),DATEDIF(DATE(年,12,1),DATE(年+1,3,31),"d")+1,IF(AND($A12>DATE(年,12,1),$A12<=DATE(年+1,3,31),$B12>=DATE(年+1,3,31)),DATEDIF($A12,DATE(年+1,3,31),"d")+1,IF(AND($A12<=DATE(年,12,1),$B12>=DATE(年,12,1),$B12<=DATE(年+1,3,31)),DATEDIF(DATE(年,12,1),$B12,"d")+1,IF(AND(A12>=DATE(年,12,1),$A12<=DATE(年+1,3,31),$B12>=DATE(年,12,1),$B12<=DATE(年+1,3,31)),DATEDIF($A12,$B12,"d")+1,0)))) -> 121 | U12: =IF( AND($P12=ストレージ一般解析Quota設定のみ,$Q12<=30),0,IF( AND($P12=ストレージ一般解析Quota設定のみ,$Q12>30),ROUNDDOWN(ROUNDDOWN(ROUNDUP($Q12/10,0)*ストレージ一般解析Quota設定のみ単価*(R12/年間日数),0)*消費税,0),IF( AND($P12=ストレージ個人ゲノムQuota設定のみ),ROUNDDOWN(ROUNDDOWN(ROUNDUP($Q12/10,0)*ストレージ個人ゲノムQuota設定のみ単価*(R12/年間日数),0)*消費税,0),IF( $D12=CPU1_,ROUNDDOWN(ROUNDDOWN(($Q12*CPU1単価*R12/30),0)*消費税,0),IF( $D12=CPU2_,ROUNDDOWN(ROUNDDOWN(($Q12*CPU2単価*R12/30),0)*消費税,0),IF( $D12=Mem1_,ROUNDDOWN(ROUNDDOWN(($Q12*Mem1単価*R12/30),0)*消費税,0),IF( $D12=Mem2_,ROUNDDOWN(ROUNDDOWN(($Q12*Mem2単価*R12/30),0)*消費税,0),IF( $D12=Acc1_,ROUNDDOWN(ROUNDDOWN(($Q12*Acc1単価*R12/30),0)*消費税,0),IF( $D12=Acc2_,ROUNDDOWN(ROUNDDOWN(($Q12*Acc2単価*R12/30),0)*消費税,0),IF( $D12=Acc3_,ROUNDDOWN(ROUNDDOWN(($Q12*Acc3単価*R12/30),0)*消費税,0),"" ) ) ) ) ) ) ) ) ) ) -> 0 | V12: =IF( AND($P12=ストレージ一般解析Quota設定のみ,$Q12<=30),0,IF( AND($P12=ストレージ一般解析Quota設定のみ,$Q12>30),ROUNDDOWN(ROUNDDOWN(ROUNDUP($Q12/10,0)*ストレージ一般解析Quota設定のみ単価*(S12/年間日数),0)*消費税,0),IF( AND($P12=ストレージ個人ゲノムQuota設定のみ),ROUNDDOWN(ROUNDDOWN(ROUNDUP($Q12/10,0)*ストレージ個人ゲノムQuota設定のみ単価*(S12/年間日数),0)*消費税,0),IF( $D12=CPU1_,ROUNDDOWN(ROUNDDOWN(($Q12*CPU1単価*S12/30),0)*消費税,0),IF( $D12=CPU2_,ROUNDDOWN(ROUNDDOWN(($Q12*CPU2単価*S12/30),0)*消費税,0),IF( $D12=Mem1_,ROUNDDOWN(ROUNDDOWN(($Q12*Mem1単価*S12/30),0)*消費税,0),IF( $D12=Mem2_,ROUNDDOWN(ROUNDDOWN(($Q12*Mem2単価*S12/30),0)*消費税,0),IF( $D12=Acc1_,ROUNDDOWN(ROUNDDOWN(($Q12*Acc1単価*S12/30),0)*消費税,0),IF( $D12=Acc2_,ROUNDDOWN(ROUNDDOWN(($Q12*Acc2単価*S12/30),0)*消費税,0),IF( $D12=Acc3_,ROUNDDOWN(ROUNDDOWN(($Q12*Acc3単価*S12/30),0)*消費税,0),"" ) ) ) ) ) ) ) ) ) ) -> 0 | W12: =IF( AND($P12=ストレージ一般解析Quota設定のみ,$Q12<=30),0,IF( AND($P12=ストレージ一般解析Quota設定のみ,$Q12>30),ROUNDDOWN(ROUNDDOWN(ROUNDUP($Q12/10,0)*ストレージ一般解析Quota設定のみ単価*(T12/年間日数),0)*消費税,0),IF( AND($P12=ストレージ個人ゲノムQuota設定のみ),ROUNDDOWN(ROUNDDOWN(ROUNDUP($Q12/10,0)*ストレージ個人ゲノムQuota設定のみ単価*(T12/年間日数),0)*消費税,0),IF( $D12=CPU1_,ROUNDDOWN(ROUNDDOWN(($Q12*CPU1単価*T12/30),0)*消費税,0),IF( $D12=CPU2_,ROUNDDOWN(ROUNDDOWN(($Q12*CPU2単価*T12/30),0)*消費税,0),IF( $D12=Mem1_,ROUNDDOWN(ROUNDDOWN(($Q12*Mem1単価*T12/30),0)*消費税,0),IF( $D12=Mem2_,ROUNDDOWN(ROUNDDOWN(($Q12*Mem2単価*T12/30),0)*消費税,0),IF( $D12=Acc1_,ROUNDDOWN(ROUNDDOWN(($Q12*Acc1単価*T12/30),0)*消費税,0),IF( $D12=Acc2_,ROUNDDOWN(ROUNDDOWN(($Q12*Acc2単価*T12/30),0)*消費税,0),IF( $D12=Acc3_,ROUNDDOWN(ROUNDDOWN(($Q12*Acc3単価*T12/30),0)*消費税,0),"" ) ) ) ) ) ) ) ) ) ) -> 0
O13: =IF( AND(SUM(E13:N13)>0,OR(C13=Sheet1!$A$1,C13=Sheet1!$A$2)), CONCATENATE(SUM(E13:N13),"TB"), IF( AND(SUM(E13:N13)>0,OR(C13=Sheet1!$A$6,C13=Sheet1!$A$3,C13=Sheet1!$A$7,C13=Sheet1!$A$4),D13=Sheet1!$B$31), CONCATENATE(SUM(E13:N13),"台"), IF( AND( SUM(E13:N13)>0, OR(C13=Sheet1!$A$6,C13=Sheet1!$A$3,C13=Sheet1!$A$7,C13=Sheet1!$A$4,C13=Sheet1!$A$5), OR(D13=Sheet1!$B$25,D13=Sheet1!$B$26,D13=Sheet1!$B$27,D13=Sheet1!$B$28,D13=Sheet1!$B$29,D13=Sheet1!$B$30) ), CONCATENATE(SUM(E13:N13),"単位"), "" ) ) ) | P13: =C13&D13 | Q13: =SUM(E13:N13) -> 0 | R13: =IF(AND($A13<=DATE(年,4,1),$B13>=DATE(年,7,31)),DATEDIF(DATE(年,4,1),DATE(年,7,31),"d")+1,IF(AND($A13>DATE(年,4,1),$A13<=DATE(年,7,31),$B13>=DATE(年,7,31)),DATEDIF($A13,DATE(年,7,31),"d")+1,IF(AND($A13<=DATE(年,4,1),$B13>=DATE(年,4,1),$B13<=DATE(年,7,31)),DATEDIF(DATE(年,4,1),$B13,"d")+1,IF(AND($A13>=DATE(年,4,1),$A13<=DATE(年,7,31),$B13>=DATE(年,4,1),$B13<=DATE(年,7,31)),DATEDIF(A13,B13,"d")+1,0)))) -> 0 | S13: =IF(AND($A13<=DATE(年,8,1),$B13>=DATE(年,11,30)),DATEDIF(DATE(年,8,1),DATE(年,11,30),"d")+1,IF(AND($A13>DATE(年,8,1),$A13<=DATE(年,11,30),$B13>=DATE(年,11,30)),DATEDIF($A13,DATE(年,11,30),"d")+1,IF(AND($A13<=DATE(年,8,1),$B13>=DATE(年,8,1),$B13<=DATE(年,11,30)),DATEDIF(DATE(年,8,1),$B13,"d")+1,IF(AND($A13>=DATE(年,8,1),$A13<=DATE(年,11,30),$B13>=DATE(年,8,1),$B13<=DATE(年,11,30)),DATEDIF($A13,$B13,"d")+1,0)))) -> 0 | T13: =IF(AND($A13<=DATE(年,12,1),$B13>=DATE(年+1,3,31)),DATEDIF(DATE(年,12,1),DATE(年+1,3,31),"d")+1,IF(AND($A13>DATE(年,12,1),$A13<=DATE(年+1,3,31),$B13>=DATE(年+1,3,31)),DATEDIF($A13,DATE(年+1,3,31),"d")+1,IF(AND($A13<=DATE(年,12,1),$B13>=DATE(年,12,1),$B13<=DATE(年+1,3,31)),DATEDIF(DATE(年,12,1),$B13,"d")+1,IF(AND(A13>=DATE(年,12,1),$A13<=DATE(年+1,3,31),$B13>=DATE(年,12,1),$B13<=DATE(年+1,3,31)),DATEDIF($A13,$B13,"d")+1,0)))) -> 0 | U13: =IF( AND($P13=ストレージ一般解析Quota設定のみ,$Q13<=30),0,IF( AND($P13=ストレージ一般解析Quota設定のみ,$Q13>30),ROUNDDOWN(ROUNDDOWN(ROUNDUP($Q13/10,0)*ストレージ一般解析Quota設定のみ単価*(R13/年間日数),0)*消費税,0),IF( AND($P13=ストレージ個人ゲノムQuota設定のみ),ROUNDDOWN(ROUNDDOWN(ROUNDUP($Q13/10,0)*ストレージ個人ゲノムQuota設定のみ単価*(R13/年間日数),0)*消費税,0),IF( $D13=CPU1_,ROUNDDOWN(ROUNDDOWN(($Q13*CPU2単価*R13/30),0)*消費税,0),IF( $D13=CPU2_,ROUNDDOWN(ROUNDDOWN(($Q13*CPU3単価*R13/30),0)*消費税,0),IF( $D13=Mem1_,ROUNDDOWN(ROUNDDOWN(($Q13*Mem1単価*R13/30),0)*消費税,0),IF( $D13=Mem2_,ROUNDDOWN(ROUNDDOWN(($Q13*Mem2単価*R13/30),0)*消費税,0),IF( $D13=Acc1_,ROUNDDOWN(ROUNDDOWN(($Q13*Acc1単価*R13/30),0)*消費税,0),IF( $D13=Acc2_,ROUNDDOWN(ROUNDDOWN(($Q13*Acc2単価*R13/30),0)*消費税,0),IF( $D13=Acc3_,ROUNDDOWN(ROUNDDOWN(($Q13*Acc3単価*R13/30),0)*消費税,0),"" ) ) ) ) ) ) ) ) ) ) | V13: =IF( AND($P13=ストレージ一般解析Quota設定のみ,$Q13<=30),0,IF( AND($P13=ストレージ一般解析Quota設定のみ,$Q13>30),ROUNDDOWN(ROUNDDOWN(ROUNDUP($Q13/10,0)*ストレージ一般解析Quota設定のみ単価*(S13/年間日数),0)*消費税,0),IF( AND($P13=ストレージ個人ゲノムQuota設定のみ),ROUNDDOWN(ROUNDDOWN(ROUNDUP($Q13/10,0)*ストレージ個人ゲノムQuota設定のみ単価*(S13/年間日数),0)*消費税,0),IF( $D13=CPU1_,ROUNDDOWN(ROUNDDOWN(($Q13*CPU2単価*S13/30),0)*消費税,0),IF( $D13=CPU2_,ROUNDDOWN(ROUNDDOWN(($Q13*CPU3単価*S13/30),0)*消費税,0),IF( $D13=Mem1_,ROUNDDOWN(ROUNDDOWN(($Q13*Mem1単価*S13/30),0)*消費税,0),IF( $D13=Mem2_,ROUNDDOWN(ROUNDDOWN(($Q13*Mem2単価*S13/30),0)*消費税,0),IF( $D13=Acc1_,ROUNDDOWN(ROUNDDOWN(($Q13*Acc1単価*S13/30),0)*消費税,0),IF( $D13=Acc2_,ROUNDDOWN(ROUNDDOWN(($Q13*Acc2単価*S13/30),0)*消費税,0),IF( $D13=Acc3_,ROUNDDOWN(ROUNDDOWN(($Q13*Acc3単価*S13/30),0)*消費税,0),"" ) ) ) ) ) ) ) ) ) ) | W13: =IF( AND($P13=ストレージ一般解析Quota設定のみ,$Q13<=30),0,IF( AND($P13=ストレージ一般解析Quota設定のみ,$Q13>30),ROUNDDOWN(ROUNDDOWN(ROUNDUP($Q13/10,0)*ストレージ一般解析Quota設定のみ単価*(T13/年間日数),0)*消費税,0),IF( AND($P13=ストレージ個人ゲノムQuota設定のみ),ROUNDDOWN(ROUNDDOWN(ROUNDUP($Q13/10,0)*ストレージ個人ゲノムQuota設定のみ単価*(T13/年間日数),0)*消費税,0),IF( $D13=CPU1_,ROUNDDOWN(ROUNDDOWN(($Q13*CPU2単価*T13/30),0)*消費税,0),IF( $D13=CPU2_,ROUNDDOWN(ROUNDDOWN(($Q13*CPU3単価*T13/30),0)*消費税,0),IF( $D13=Mem1_,ROUNDDOWN(ROUNDDOWN(($Q13*Mem1単価*T13/30),0)*消費税,0),IF( $D13=Mem2_,ROUNDDOWN(ROUNDDOWN(($Q13*Mem2単価*T13/30),0)*消費税,0),IF( $D13=Acc1_,ROUNDDOWN(ROUNDDOWN(($Q13*Acc1単価*T13/30),0)*消費税,0),IF( $D13=Acc2_,ROUNDDOWN(ROUNDDOWN(($Q13*Acc2単価*T13/30),0)*消費税,0),IF( $D13=Acc3_,ROUNDDOWN(ROUNDDOWN(($Q13*Acc3単価*T13/30),0)*消費税,0),"" ) ) ) ) ) ) ) ) ) )
O14: =IF( AND(SUM(E14:N14)>0,OR(C14=Sheet1!$A$1,C14=Sheet1!$A$2)), CONCATENATE(SUM(E14:N14),"TB"), IF( AND(SUM(E14:N14)>0,OR(C14=Sheet1!$A$6,C14=Sheet1!$A$3,C14=Sheet1!$A$7,C14=Sheet1!$A$4),D14=Sheet1!$B$31), CONCATENATE(SUM(E14:N14),"台"), IF( AND( SUM(E14:N14)>0, OR(C14=Sheet1!$A$6,C14=Sheet1!$A$3,C14=Sheet1!$A$7,C14=Sheet1!$A$4,C14=Sheet1!$A$5), OR(D14=Sheet1!$B$25,D14=Sheet1!$B$26,D14=Sheet1!$B$27,D14=Sheet1!$B$28,D14=Sheet1!$B$29,D14=Sheet1!$B$30) ), CONCATENATE(SUM(E14:N14),"単位"), "" ) ) ) | P14: =C14&D14 | Q14: =SUM(E14:N14) -> 0 | R14: =IF(AND($A14<=DATE(年,4,1),$B14>=DATE(年,7,31)),DATEDIF(DATE(年,4,1),DATE(年,7,31),"d")+1,IF(AND($A14>DATE(年,4,1),$A14<=DATE(年,7,31),$B14>=DATE(年,7,31)),DATEDIF($A14,DATE(年,7,31),"d")+1,IF(AND($A14<=DATE(年,4,1),$B14>=DATE(年,4,1),$B14<=DATE(年,7,31)),DATEDIF(DATE(年,4,1),$B14,"d")+1,IF(AND($A14>=DATE(年,4,1),$A14<=DATE(年,7,31),$B14>=DATE(年,4,1),$B14<=DATE(年,7,31)),DATEDIF(A14,B14,"d")+1,0)))) -> 0 | S14: =IF(AND($A14<=DATE(年,8,1),$B14>=DATE(年,11,30)),DATEDIF(DATE(年,8,1),DATE(年,11,30),"d")+1,IF(AND($A14>DATE(年,8,1),$A14<=DATE(年,11,30),$B14>=DATE(年,11,30)),DATEDIF($A14,DATE(年,11,30),"d")+1,IF(AND($A14<=DATE(年,8,1),$B14>=DATE(年,8,1),$B14<=DATE(年,11,30)),DATEDIF(DATE(年,8,1),$B14,"d")+1,IF(AND($A14>=DATE(年,8,1),$A14<=DATE(年,11,30),$B14>=DATE(年,8,1),$B14<=DATE(年,11,30)),DATEDIF($A14,$B14,"d")+1,0)))) -> 0 | T14: =IF(AND($A14<=DATE(年,12,1),$B14>=DATE(年+1,3,31)),DATEDIF(DATE(年,12,1),DATE(年+1,3,31),"d")+1,IF(AND($A14>DATE(年,12,1),$A14<=DATE(年+1,3,31),$B14>=DATE(年+1,3,31)),DATEDIF($A14,DATE(年+1,3,31),"d")+1,IF(AND($A14<=DATE(年,12,1),$B14>=DATE(年,12,1),$B14<=DATE(年+1,3,31)),DATEDIF(DATE(年,12,1),$B14,"d")+1,IF(AND(A14>=DATE(年,12,1),$A14<=DATE(年+1,3,31),$B14>=DATE(年,12,1),$B14<=DATE(年+1,3,31)),DATEDIF($A14,$B14,"d")+1,0)))) -> 0 | U14: =IF( AND($P14=ストレージ一般解析Quota設定のみ,$Q14<=30),0,IF( AND($P14=ストレージ一般解析Quota設定のみ,$Q14>30),ROUNDDOWN(ROUNDDOWN(ROUNDUP($Q14/10,0)*ストレージ一般解析Quota設定のみ単価*(R14/年間日数),0)*消費税,0),IF( AND($P14=ストレージ個人ゲノムQuota設定のみ),ROUNDDOWN(ROUNDDOWN(ROUNDUP($Q14/10,0)*ストレージ個人ゲノムQuota設定のみ単価*(R14/年間日数),0)*消費税,0),IF( $D14=CPU1_,ROUNDDOWN(ROUNDDOWN(($Q14*CPU3単価*R14/30),0)*消費税,0),IF( $D14=CPU2_,ROUNDDOWN(ROUNDDOWN(($Q14*CPU4単価*R14/30),0)*消費税,0),IF( $D14=Mem1_,ROUNDDOWN(ROUNDDOWN(($Q14*Mem1単価*R14/30),0)*消費税,0),IF( $D14=Mem2_,ROUNDDOWN(ROUNDDOWN(($Q14*Mem2単価*R14/30),0)*消費税,0),IF( $D14=Acc1_,ROUNDDOWN(ROUNDDOWN(($Q14*Acc1単価*R14/30),0)*消費税,0),IF( $D14=Acc2_,ROUNDDOWN(ROUNDDOWN(($Q14*Acc2単価*R14/30),0)*消費税,0),IF( $D14=Acc3_,ROUNDDOWN(ROUNDDOWN(($Q14*Acc3単価*R14/30),0)*消費税,0),"" ) ) ) ) ) ) ) ) ) ) | V14: =IF( AND($P14=ストレージ一般解析Quota設定のみ,$Q14<=30),0,IF( AND($P14=ストレージ一般解析Quota設定のみ,$Q14>30),ROUNDDOWN(ROUNDDOWN(ROUNDUP($Q14/10,0)*ストレージ一般解析Quota設定のみ単価*(S14/年間日数),0)*消費税,0),IF( AND($P14=ストレージ個人ゲノムQuota設定のみ),ROUNDDOWN(ROUNDDOWN(ROUNDUP($Q14/10,0)*ストレージ個人ゲノムQuota設定のみ単価*(S14/年間日数),0)*消費税,0),IF( $D14=CPU1_,ROUNDDOWN(ROUNDDOWN(($Q14*CPU3単価*S14/30),0)*消費税,0),IF( $D14=CPU2_,ROUNDDOWN(ROUNDDOWN(($Q14*CPU4単価*S14/30),0)*消費税,0),IF( $D14=Mem1_,ROUNDDOWN(ROUNDDOWN(($Q14*Mem1単価*S14/30),0)*消費税,0),IF( $D14=Mem2_,ROUNDDOWN(ROUNDDOWN(($Q14*Mem2単価*S14/30),0)*消費税,0),IF( $D14=Acc1_,ROUNDDOWN(ROUNDDOWN(($Q14*Acc1単価*S14/30),0)*消費税,0),IF( $D14=Acc2_,ROUNDDOWN(ROUNDDOWN(($Q14*Acc2単価*S14/30),0)*消費税,0),IF( $D14=Acc3_,ROUNDDOWN(ROUNDDOWN(($Q14*Acc3単価*S14/30),0)*消費税,0),"" ) ) ) ) ) ) ) ) ) ) | W14: =IF( AND($P14=ストレージ一般解析Quota設定のみ,$Q14<=30),0,IF( AND($P14=ストレージ一般解析Quota設定のみ,$Q14>30),ROUNDDOWN(ROUNDDOWN(ROUNDUP($Q14/10,0)*ストレージ一般解析Quota設定のみ単価*(T14/年間日数),0)*消費税,0),IF( AND($P14=ストレージ個人ゲノムQuota設定のみ),ROUNDDOWN(ROUNDDOWN(ROUNDUP($Q14/10,0)*ストレージ個人ゲノムQuota設定のみ単価*(T14/年間日数),0)*消費税,0),IF( $D14=CPU1_,ROUNDDOWN(ROUNDDOWN(($Q14*CPU3単価*T14/30),0)*消費税,0),IF( $D14=CPU2_,ROUNDDOWN(ROUNDDOWN(($Q14*CPU4単価*T14/30),0)*消費税,0),IF( $D14=Mem1_,ROUNDDOWN(ROUNDDOWN(($Q14*Mem1単価*T14/30),0)*消費税,0),IF( $D14=Mem2_,ROUNDDOWN(ROUNDDOWN(($Q14*Mem2単価*T14/30),0)*消費税,0),IF( $D14=Acc1_,ROUNDDOWN(ROUNDDOWN(($Q14*Acc1単価*T14/30),0)*消費税,0),IF( $D14=Acc2_,ROUNDDOWN(ROUNDDOWN(($Q14*Acc2単価*T14/30),0)*消費税,0),IF( $D14=Acc3_,ROUNDDOWN(ROUNDDOWN(($Q14*Acc3単価*T14/30),0)*消費税,0),"" ) ) ) ) ) ) ) ) ) )
O15: =IF( AND(SUM(E15:N15)>0,OR(C15=Sheet1!$A$1,C15=Sheet1!$A$2)), CONCATENATE(SUM(E15:N15),"TB"), IF( AND(SUM(E15:N15)>0,OR(C15=Sheet1!$A$6,C15=Sheet1!$A$3,C15=Sheet1!$A$7,C15=Sheet1!$A$4),D15=Sheet1!$B$31), CONCATENATE(SUM(E15:N15),"台"), IF( AND( SUM(E15:N15)>0, OR(C15=Sheet1!$A$6,C15=Sheet1!$A$3,C15=Sheet1!$A$7,C15=Sheet1!$A$4,C15=Sheet1!$A$5), OR(D15=Sheet1!$B$25,D15=Sheet1!$B$26,D15=Sheet1!$B$27,D15=Sheet1!$B$28,D15=Sheet1!$B$29,D15=Sheet1!$B$30) ), CONCATENATE(SUM(E15:N15),"単位"), "" ) ) ) | P15: =C15&D15 | Q15: =SUM(E15:N15) -> 0 | R15: =IF(AND($A15<=DATE(年,4,1),$B15>=DATE(年,7,31)),DATEDIF(DATE(年,4,1),DATE(年,7,31),"d")+1,IF(AND($A15>DATE(年,4,1),$A15<=DATE(年,7,31),$B15>=DATE(年,7,31)),DATEDIF($A15,DATE(年,7,31),"d")+1,IF(AND($A15<=DATE(年,4,1),$B15>=DATE(年,4,1),$B15<=DATE(年,7,31)),DATEDIF(DATE(年,4,1),$B15,"d")+1,IF(AND($A15>=DATE(年,4,1),$A15<=DATE(年,7,31),$B15>=DATE(年,4,1),$B15<=DATE(年,7,31)),DATEDIF(A15,B15,"d")+1,0)))) -> 0 | S15: =IF(AND($A15<=DATE(年,8,1),$B15>=DATE(年,11,30)),DATEDIF(DATE(年,8,1),DATE(年,11,30),"d")+1,IF(AND($A15>DATE(年,8,1),$A15<=DATE(年,11,30),$B15>=DATE(年,11,30)),DATEDIF($A15,DATE(年,11,30),"d")+1,IF(AND($A15<=DATE(年,8,1),$B15>=DATE(年,8,1),$B15<=DATE(年,11,30)),DATEDIF(DATE(年,8,1),$B15,"d")+1,IF(AND($A15>=DATE(年,8,1),$A15<=DATE(年,11,30),$B15>=DATE(年,8,1),$B15<=DATE(年,11,30)),DATEDIF($A15,$B15,"d")+1,0)))) -> 0 | T15: =IF(AND($A15<=DATE(年,12,1),$B15>=DATE(年+1,3,31)),DATEDIF(DATE(年,12,1),DATE(年+1,3,31),"d")+1,IF(AND($A15>DATE(年,12,1),$A15<=DATE(年+1,3,31),$B15>=DATE(年+1,3,31)),DATEDIF($A15,DATE(年+1,3,31),"d")+1,IF(AND($A15<=DATE(年,12,1),$B15>=DATE(年,12,1),$B15<=DATE(年+1,3,31)),DATEDIF(DATE(年,12,1),$B15,"d")+1,IF(AND(A15>=DATE(年,12,1),$A15<=DATE(年+1,3,31),$B15>=DATE(年,12,1),$B15<=DATE(年+1,3,31)),DATEDIF($A15,$B15,"d")+1,0)))) -> 0 | U15: =IF( AND($P15=ストレージ一般解析Quota設定のみ,$Q15<=30),0,IF( AND($P15=ストレージ一般解析Quota設定のみ,$Q15>30),ROUNDDOWN(ROUNDDOWN(ROUNDUP($Q15/10,0)*ストレージ一般解析Quota設定のみ単価*(R15/年間日数),0)*消費税,0),IF( AND($P15=ストレージ個人ゲノムQuota設定のみ),ROUNDDOWN(ROUNDDOWN(ROUNDUP($Q15/10,0)*ストレージ個人ゲノムQuota設定のみ単価*(R15/年間日数),0)*消費税,0),IF( $D15=CPU1_,ROUNDDOWN(ROUNDDOWN(($Q15*CPU4単価*R15/30),0)*消費税,0),IF( $D15=CPU2_,ROUNDDOWN(ROUNDDOWN(($Q15*CPU5単価*R15/30),0)*消費税,0),IF( $D15=Mem1_,ROUNDDOWN(ROUNDDOWN(($Q15*Mem1単価*R15/30),0)*消費税,0),IF( $D15=Mem2_,ROUNDDOWN(ROUNDDOWN(($Q15*Mem2単価*R15/30),0)*消費税,0),IF( $D15=Acc1_,ROUNDDOWN(ROUNDDOWN(($Q15*Acc1単価*R15/30),0)*消費税,0),IF( $D15=Acc2_,ROUNDDOWN(ROUNDDOWN(($Q15*Acc2単価*R15/30),0)*消費税,0),IF( $D15=Acc3_,ROUNDDOWN(ROUNDDOWN(($Q15*Acc3単価*R15/30),0)*消費税,0),"" ) ) ) ) ) ) ) ) ) ) | V15: =IF( AND($P15=ストレージ一般解析Quota設定のみ,$Q15<=30),0,IF( AND($P15=ストレージ一般解析Quota設定のみ,$Q15>30),ROUNDDOWN(ROUNDDOWN(ROUNDUP($Q15/10,0)*ストレージ一般解析Quota設定のみ単価*(S15/年間日数),0)*消費税,0),IF( AND($P15=ストレージ個人ゲノムQuota設定のみ),ROUNDDOWN(ROUNDDOWN(ROUNDUP($Q15/10,0)*ストレージ個人ゲノムQuota設定のみ単価*(S15/年間日数),0)*消費税,0),IF( $D15=CPU1_,ROUNDDOWN(ROUNDDOWN(($Q15*CPU4単価*S15/30),0)*消費税,0),IF( $D15=CPU2_,ROUNDDOWN(ROUNDDOWN(($Q15*CPU5単価*S15/30),0)*消費税,0),IF( $D15=Mem1_,ROUNDDOWN(ROUNDDOWN(($Q15*Mem1単価*S15/30),0)*消費税,0),IF( $D15=Mem2_,ROUNDDOWN(ROUNDDOWN(($Q15*Mem2単価*S15/30),0)*消費税,0),IF( $D15=Acc1_,ROUNDDOWN(ROUNDDOWN(($Q15*Acc1単価*S15/30),0)*消費税,0),IF( $D15=Acc2_,ROUNDDOWN(ROUNDDOWN(($Q15*Acc2単価*S15/30),0)*消費税,0),IF( $D15=Acc3_,ROUNDDOWN(ROUNDDOWN(($Q15*Acc3単価*S15/30),0)*消費税,0),"" ) ) ) ) ) ) ) ) ) ) | W15: =IF( AND($P15=ストレージ一般解析Quota設定のみ,$Q15<=30),0,IF( AND($P15=ストレージ一般解析Quota設定のみ,$Q15>30),ROUNDDOWN(ROUNDDOWN(ROUNDUP($Q15/10,0)*ストレージ一般解析Quota設定のみ単価*(T15/年間日数),0)*消費税,0),IF( AND($P15=ストレージ個人ゲノムQuota設定のみ),ROUNDDOWN(ROUNDDOWN(ROUNDUP($Q15/10,0)*ストレージ個人ゲノムQuota設定のみ単価*(T15/年間日数),0)*消費税,0),IF( $D15=CPU1_,ROUNDDOWN(ROUNDDOWN(($Q15*CPU4単価*T15/30),0)*消費税,0),IF( $D15=CPU2_,ROUNDDOWN(ROUNDDOWN(($Q15*CPU5単価*T15/30),0)*消費税,0),IF( $D15=Mem1_,ROUNDDOWN(ROUNDDOWN(($Q15*Mem1単価*T15/30),0)*消費税,0),IF( $D15=Mem2_,ROUNDDOWN(ROUNDDOWN(($Q15*Mem2単価*T15/30),0)*消費税,0),IF( $D15=Acc1_,ROUNDDOWN(ROUNDDOWN(($Q15*Acc1単価*T15/30),0)*消費税,0),IF( $D15=Acc2_,ROUNDDOWN(ROUNDDOWN(($Q15*Acc2単価*T15/30),0)*消費税,0),IF( $D15=Acc3_,ROUNDDOWN(ROUNDDOWN(($Q15*Acc3単価*T15/30),0)*消費税,0),"" ) ) ) ) ) ) ) ) ) )
O16: =IF( AND(SUM(E16:N16)>0,OR(C16=Sheet1!$A$1,C16=Sheet1!$A$2)), CONCATENATE(SUM(E16:N16),"TB"), IF( AND(SUM(E16:N16)>0,OR(C16=Sheet1!$A$6,C16=Sheet1!$A$3,C16=Sheet1!$A$7,C16=Sheet1!$A$4),D16=Sheet1!$B$31), CONCATENATE(SUM(E16:N16),"台"), IF( AND( SUM(E16:N16)>0, OR(C16=Sheet1!$A$6,C16=Sheet1!$A$3,C16=Sheet1!$A$7,C16=Sheet1!$A$4,C16=Sheet1!$A$5), OR(D16=Sheet1!$B$25,D16=Sheet1!$B$26,D16=Sheet1!$B$27,D16=Sheet1!$B$28,D16=Sheet1!$B$29,D16=Sheet1!$B$30) ), CONCATENATE(SUM(E16:N16),"単位"), "" ) ) ) | P16: =C16&D16 | Q16: =SUM(E16:N16) -> 0 | R16: =IF(AND($A16<=DATE(年,4,1),$B16>=DATE(年,7,31)),DATEDIF(DATE(年,4,1),DATE(年,7,31),"d")+1,IF(AND($A16>DATE(年,4,1),$A16<=DATE(年,7,31),$B16>=DATE(年,7,31)),DATEDIF($A16,DATE(年,7,31),"d")+1,IF(AND($A16<=DATE(年,4,1),$B16>=DATE(年,4,1),$B16<=DATE(年,7,31)),DATEDIF(DATE(年,4,1),$B16,"d")+1,IF(AND($A16>=DATE(年,4,1),$A16<=DATE(年,7,31),$B16>=DATE(年,4,1),$B16<=DATE(年,7,31)),DATEDIF(A16,B16,"d")+1,0)))) -> 0 | S16: =IF(AND($A16<=DATE(年,8,1),$B16>=DATE(年,11,30)),DATEDIF(DATE(年,8,1),DATE(年,11,30),"d")+1,IF(AND($A16>DATE(年,8,1),$A16<=DATE(年,11,30),$B16>=DATE(年,11,30)),DATEDIF($A16,DATE(年,11,30),"d")+1,IF(AND($A16<=DATE(年,8,1),$B16>=DATE(年,8,1),$B16<=DATE(年,11,30)),DATEDIF(DATE(年,8,1),$B16,"d")+1,IF(AND($A16>=DATE(年,8,1),$A16<=DATE(年,11,30),$B16>=DATE(年,8,1),$B16<=DATE(年,11,30)),DATEDIF($A16,$B16,"d")+1,0)))) -> 0 | T16: =IF(AND($A16<=DATE(年,12,1),$B16>=DATE(年+1,3,31)),DATEDIF(DATE(年,12,1),DATE(年+1,3,31),"d")+1,IF(AND($A16>DATE(年,12,1),$A16<=DATE(年+1,3,31),$B16>=DATE(年+1,3,31)),DATEDIF($A16,DATE(年+1,3,31),"d")+1,IF(AND($A16<=DATE(年,12,1),$B16>=DATE(年,12,1),$B16<=DATE(年+1,3,31)),DATEDIF(DATE(年,12,1),$B16,"d")+1,IF(AND(A16>=DATE(年,12,1),$A16<=DATE(年+1,3,31),$B16>=DATE(年,12,1),$B16<=DATE(年+1,3,31)),DATEDIF($A16,$B16,"d")+1,0)))) -> 0 | U16: =IF( AND($P16=ストレージ一般解析Quota設定のみ,$Q16<=30),0,IF( AND($P16=ストレージ一般解析Quota設定のみ,$Q16>30),ROUNDDOWN(ROUNDDOWN(ROUNDUP($Q16/10,0)*ストレージ一般解析Quota設定のみ単価*(R16/年間日数),0)*消費税,0),IF( AND($P16=ストレージ個人ゲノムQuota設定のみ),ROUNDDOWN(ROUNDDOWN(ROUNDUP($Q16/10,0)*ストレージ個人ゲノムQuota設定のみ単価*(R16/年間日数),0)*消費税,0),IF( $D16=CPU1_,ROUNDDOWN(ROUNDDOWN(($Q16*CPU5単価*R16/30),0)*消費税,0),IF( $D16=CPU2_,ROUNDDOWN(ROUNDDOWN(($Q16*CPU6単価*R16/30),0)*消費税,0),IF( $D16=Mem1_,ROUNDDOWN(ROUNDDOWN(($Q16*Mem1単価*R16/30),0)*消費税,0),IF( $D16=Mem2_,ROUNDDOWN(ROUNDDOWN(($Q16*Mem2単価*R16/30),0)*消費税,0),IF( $D16=Acc1_,ROUNDDOWN(ROUNDDOWN(($Q16*Acc1単価*R16/30),0)*消費税,0),IF( $D16=Acc2_,ROUNDDOWN(ROUNDDOWN(($Q16*Acc2単価*R16/30),0)*消費税,0),IF( $D16=Acc3_,ROUNDDOWN(ROUNDDOWN(($Q16*Acc3単価*R16/30),0)*消費税,0),"" ) ) ) ) ) ) ) ) ) ) | V16: =IF( AND($P16=ストレージ一般解析Quota設定のみ,$Q16<=30),0,IF( AND($P16=ストレージ一般解析Quota設定のみ,$Q16>30),ROUNDDOWN(ROUNDDOWN(ROUNDUP($Q16/10,0)*ストレージ一般解析Quota設定のみ単価*(S16/年間日数),0)*消費税,0),IF( AND($P16=ストレージ個人ゲノムQuota設定のみ),ROUNDDOWN(ROUNDDOWN(ROUNDUP($Q16/10,0)*ストレージ個人ゲノムQuota設定のみ単価*(S16/年間日数),0)*消費税,0),IF( $D16=CPU1_,ROUNDDOWN(ROUNDDOWN(($Q16*CPU5単価*S16/30),0)*消費税,0),IF( $D16=CPU2_,ROUNDDOWN(ROUNDDOWN(($Q16*CPU6単価*S16/30),0)*消費税,0),IF( $D16=Mem1_,ROUNDDOWN(ROUNDDOWN(($Q16*Mem1単価*S16/30),0)*消費税,0),IF( $D16=Mem2_,ROUNDDOWN(ROUNDDOWN(($Q16*Mem2単価*S16/30),0)*消費税,0),IF( $D16=Acc1_,ROUNDDOWN(ROUNDDOWN(($Q16*Acc1単価*S16/30),0)*消費税,0),IF( $D16=Acc2_,ROUNDDOWN(ROUNDDOWN(($Q16*Acc2単価*S16/30),0)*消費税,0),IF( $D16=Acc3_,ROUNDDOWN(ROUNDDOWN(($Q16*Acc3単価*S16/30),0)*消費税,0),"" ) ) ) ) ) ) ) ) ) ) | W16: =IF( AND($P16=ストレージ一般解析Quota設定のみ,$Q16<=30),0,IF( AND($P16=ストレージ一般解析Quota設定のみ,$Q16>30),ROUNDDOWN(ROUNDDOWN(ROUNDUP($Q16/10,0)*ストレージ一般解析Quota設定のみ単価*(T16/年間日数),0)*消費税,0),IF( AND($P16=ストレージ個人ゲノムQuota設定のみ),ROUNDDOWN(ROUNDDOWN(ROUNDUP($Q16/10,0)*ストレージ個人ゲノムQuota設定のみ単価*(T16/年間日数),0)*消費税,0),IF( $D16=CPU1_,ROUNDDOWN(ROUNDDOWN(($Q16*CPU5単価*T16/30),0)*消費税,0),IF( $D16=CPU2_,ROUNDDOWN(ROUNDDOWN(($Q16*CPU6単価*T16/30),0)*消費税,0),IF( $D16=Mem1_,ROUNDDOWN(ROUNDDOWN(($Q16*Mem1単価*T16/30),0)*消費税,0),IF( $D16=Mem2_,ROUNDDOWN(ROUNDDOWN(($Q16*Mem2単価*T16/30),0)*消費税,0),IF( $D16=Acc1_,ROUNDDOWN(ROUNDDOWN(($Q16*Acc1単価*T16/30),0)*消費税,0),IF( $D16=Acc2_,ROUNDDOWN(ROUNDDOWN(($Q16*Acc2単価*T16/30),0)*消費税,0),IF( $D16=Acc3_,ROUNDDOWN(ROUNDDOWN(($Q16*Acc3単価*T16/30),0)*消費税,0),"" ) ) ) ) ) ) ) ) ) )
O17: =IF( AND(SUM(E17:N17)>0,OR(C17=Sheet1!$A$1,C17=Sheet1!$A$2)), CONCATENATE(SUM(E17:N17),"TB"), IF( AND(SUM(E17:N17)>0,OR(C17=Sheet1!$A$6,C17=Sheet1!$A$3,C17=Sheet1!$A$7,C17=Sheet1!$A$4),D17=Sheet1!$B$31), CONCATENATE(SUM(E17:N17),"台"), IF( AND( SUM(E17:N17)>0, OR(C17=Sheet1!$A$6,C17=Sheet1!$A$3,C17=Sheet1!$A$7,C17=Sheet1!$A$4,C17=Sheet1!$A$5), OR(D17=Sheet1!$B$25,D17=Sheet1!$B$26,D17=Sheet1!$B$27,D17=Sheet1!$B$28,D17=Sheet1!$B$29,D17=Sheet1!$B$30) ), CONCATENATE(SUM(E17:N17),"単位"), "" ) ) ) | P17: =C17&D17 | Q17: =SUM(E17:N17) -> 0 | R17: =IF(AND($A17<=DATE(年,4,1),$B17>=DATE(年,7,31)),DATEDIF(DATE(年,4,1),DATE(年,7,31),"d")+1,IF(AND($A17>DATE(年,4,1),$A17<=DATE(年,7,31),$B17>=DATE(年,7,31)),DATEDIF($A17,DATE(年,7,31),"d")+1,IF(AND($A17<=DATE(年,4,1),$B17>=DATE(年,4,1),$B17<=DATE(年,7,31)),DATEDIF(DATE(年,4,1),$B17,"d")+1,IF(AND($A17>=DATE(年,4,1),$A17<=DATE(年,7,31),$B17>=DATE(年,4,1),$B17<=DATE(年,7,31)),DATEDIF(A17,B17,"d")+1,0)))) -> 0 | S17: =IF(AND($A17<=DATE(年,8,1),$B17>=DATE(年,11,30)),DATEDIF(DATE(年,8,1),DATE(年,11,30),"d")+1,IF(AND($A17>DATE(年,8,1),$A17<=DATE(年,11,30),$B17>=DATE(年,11,30)),DATEDIF($A17,DATE(年,11,30),"d")+1,IF(AND($A17<=DATE(年,8,1),$B17>=DATE(年,8,1),$B17<=DATE(年,11,30)),DATEDIF(DATE(年,8,1),$B17,"d")+1,IF(AND($A17>=DATE(年,8,1),$A17<=DATE(年,11,30),$B17>=DATE(年,8,1),$B17<=DATE(年,11,30)),DATEDIF($A17,$B17,"d")+1,0)))) -> 0 | T17: =IF(AND($A17<=DATE(年,12,1),$B17>=DATE(年+1,3,31)),DATEDIF(DATE(年,12,1),DATE(年+1,3,31),"d")+1,IF(AND($A17>DATE(年,12,1),$A17<=DATE(年+1,3,31),$B17>=DATE(年+1,3,31)),DATEDIF($A17,DATE(年+1,3,31),"d")+1,IF(AND($A17<=DATE(年,12,1),$B17>=DATE(年,12,1),$B17<=DATE(年+1,3,31)),DATEDIF(DATE(年,12,1),$B17,"d")+1,IF(AND(A17>=DATE(年,12,1),$A17<=DATE(年+1,3,31),$B17>=DATE(年,12,1),$B17<=DATE(年+1,3,31)),DATEDIF($A17,$B17,"d")+1,0)))) -> 0 | U17: =IF( AND($P17=ストレージ一般解析Quota設定のみ,$Q17<=30),0,IF( AND($P17=ストレージ一般解析Quota設定のみ,$Q17>30),ROUNDDOWN(ROUNDDOWN(ROUNDUP($Q17/10,0)*ストレージ一般解析Quota設定のみ単価*(R17/年間日数),0)*消費税,0),IF( AND($P17=ストレージ個人ゲノムQuota設定のみ),ROUNDDOWN(ROUNDDOWN(ROUNDUP($Q17/10,0)*ストレージ個人ゲノムQuota設定のみ単価*(R17/年間日数),0)*消費税,0),IF( $D17=CPU1_,ROUNDDOWN(ROUNDDOWN(($Q17*CPU6単価*R17/30),0)*消費税,0),IF( $D17=CPU2_,ROUNDDOWN(ROUNDDOWN(($Q17*CPU7単価*R17/30),0)*消費税,0),IF( $D17=Mem1_,ROUNDDOWN(ROUNDDOWN(($Q17*Mem1単価*R17/30),0)*消費税,0),IF( $D17=Mem2_,ROUNDDOWN(ROUNDDOWN(($Q17*Mem2単価*R17/30),0)*消費税,0),IF( $D17=Acc1_,ROUNDDOWN(ROUNDDOWN(($Q17*Acc1単価*R17/30),0)*消費税,0),IF( $D17=Acc2_,ROUNDDOWN(ROUNDDOWN(($Q17*Acc2単価*R17/30),0)*消費税,0),IF( $D17=Acc3_,ROUNDDOWN(ROUNDDOWN(($Q17*Acc3単価*R17/30),0)*消費税,0),"" ) ) ) ) ) ) ) ) ) ) | V17: =IF( AND($P17=ストレージ一般解析Quota設定のみ,$Q17<=30),0,IF( AND($P17=ストレージ一般解析Quota設定のみ,$Q17>30),ROUNDDOWN(ROUNDDOWN(ROUNDUP($Q17/10,0)*ストレージ一般解析Quota設定のみ単価*(S17/年間日数),0)*消費税,0),IF( AND($P17=ストレージ個人ゲノムQuota設定のみ),ROUNDDOWN(ROUNDDOWN(ROUNDUP($Q17/10,0)*ストレージ個人ゲノムQuota設定のみ単価*(S17/年間日数),0)*消費税,0),IF( $D17=CPU1_,ROUNDDOWN(ROUNDDOWN(($Q17*CPU6単価*S17/30),0)*消費税,0),IF( $D17=CPU2_,ROUNDDOWN(ROUNDDOWN(($Q17*CPU7単価*S17/30),0)*消費税,0),IF( $D17=Mem1_,ROUNDDOWN(ROUNDDOWN(($Q17*Mem1単価*S17/30),0)*消費税,0),IF( $D17=Mem2_,ROUNDDOWN(ROUNDDOWN(($Q17*Mem2単価*S17/30),0)*消費税,0),IF( $D17=Acc1_,ROUNDDOWN(ROUNDDOWN(($Q17*Acc1単価*S17/30),0)*消費税,0),IF( $D17=Acc2_,ROUNDDOWN(ROUNDDOWN(($Q17*Acc2単価*S17/30),0)*消費税,0),IF( $D17=Acc3_,ROUNDDOWN(ROUNDDOWN(($Q17*Acc3単価*S17/30),0)*消費税,0),"" ) ) ) ) ) ) ) ) ) ) | W17: =IF( AND($P17=ストレージ一般解析Quota設定のみ,$Q17<=30),0,IF( AND($P17=ストレージ一般解析Quota設定のみ,$Q17>30),ROUNDDOWN(ROUNDDOWN(ROUNDUP($Q17/10,0)*ストレージ一般解析Quota設定のみ単価*(T17/年間日数),0)*消費税,0),IF( AND($P17=ストレージ個人ゲノムQuota設定のみ),ROUNDDOWN(ROUNDDOWN(ROUNDUP($Q17/10,0)*ストレージ個人ゲノムQuota設定のみ単価*(T17/年間日数),0)*消費税,0),IF( $D17=CPU1_,ROUNDDOWN(ROUNDDOWN(($Q17*CPU6単価*T17/30),0)*消費税,0),IF( $D17=CPU2_,ROUNDDOWN(ROUNDDOWN(($Q17*CPU7単価*T17/30),0)*消費税,0),IF( $D17=Mem1_,ROUNDDOWN(ROUNDDOWN(($Q17*Mem1単価*T17/30),0)*消費税,0),IF( $D17=Mem2_,ROUNDDOWN(ROUNDDOWN(($Q17*Mem2単価*T17/30),0)*消費税,0),IF( $D17=Acc1_,ROUNDDOWN(ROUNDDOWN(($Q17*Acc1単価*T17/30),0)*消費税,0),IF( $D17=Acc2_,ROUNDDOWN(ROUNDDOWN(($Q17*Acc2単価*T17/30),0)*消費税,0),IF( $D17=Acc3_,ROUNDDOWN(ROUNDDOWN(($Q17*Acc3単価*T17/30),0)*消費税,0),"" ) ) ) ) ) ) ) ) ) )
O18: =IF( AND(SUM(E18:N18)>0,OR(C18=Sheet1!$A$1,C18=Sheet1!$A$2)), CONCATENATE(SUM(E18:N18),"TB"), IF( AND(SUM(E18:N18)>0,OR(C18=Sheet1!$A$6,C18=Sheet1!$A$3,C18=Sheet1!$A$7,C18=Sheet1!$A$4),D18=Sheet1!$B$31), CONCATENATE(SUM(E18:N18),"台"), IF( AND( SUM(E18:N18)>0, OR(C18=Sheet1!$A$6,C18=Sheet1!$A$3,C18=Sheet1!$A$7,C18=Sheet1!$A$4,C18=Sheet1!$A$5), OR(D18=Sheet1!$B$25,D18=Sheet1!$B$26,D18=Sheet1!$B$27,D18=Sheet1!$B$28,D18=Sheet1!$B$29,D18=Sheet1!$B$30) ), CONCATENATE(SUM(E18:N18),"単位"), "" ) ) ) | P18: =C18&D18 | Q18: =SUM(E18:N18) -> 0 | R18: =IF(AND($A18<=DATE(年,4,1),$B18>=DATE(年,7,31)),DATEDIF(DATE(年,4,1),DATE(年,7,31),"d")+1,IF(AND($A18>DATE(年,4,1),$A18<=DATE(年,7,31),$B18>=DATE(年,7,31)),DATEDIF($A18,DATE(年,7,31),"d")+1,IF(AND($A18<=DATE(年,4,1),$B18>=DATE(年,4,1),$B18<=DATE(年,7,31)),DATEDIF(DATE(年,4,1),$B18,"d")+1,IF(AND($A18>=DATE(年,4,1),$A18<=DATE(年,7,31),$B18>=DATE(年,4,1),$B18<=DATE(年,7,31)),DATEDIF(A18,B18,"d")+1,0)))) -> 0 | S18: =IF(AND($A18<=DATE(年,8,1),$B18>=DATE(年,11,30)),DATEDIF(DATE(年,8,1),DATE(年,11,30),"d")+1,IF(AND($A18>DATE(年,8,1),$A18<=DATE(年,11,30),$B18>=DATE(年,11,30)),DATEDIF($A18,DATE(年,11,30),"d")+1,IF(AND($A18<=DATE(年,8,1),$B18>=DATE(年,8,1),$B18<=DATE(年,11,30)),DATEDIF(DATE(年,8,1),$B18,"d")+1,IF(AND($A18>=DATE(年,8,1),$A18<=DATE(年,11,30),$B18>=DATE(年,8,1),$B18<=DATE(年,11,30)),DATEDIF($A18,$B18,"d")+1,0)))) -> 0 | T18: =IF(AND($A18<=DATE(年,12,1),$B18>=DATE(年+1,3,31)),DATEDIF(DATE(年,12,1),DATE(年+1,3,31),"d")+1,IF(AND($A18>DATE(年,12,1),$A18<=DATE(年+1,3,31),$B18>=DATE(年+1,3,31)),DATEDIF($A18,DATE(年+1,3,31),"d")+1,IF(AND($A18<=DATE(年,12,1),$B18>=DATE(年,12,1),$B18<=DATE(年+1,3,31)),DATEDIF(DATE(年,12,1),$B18,"d")+1,IF(AND(A18>=DATE(年,12,1),$A18<=DATE(年+1,3,31),$B18>=DATE(年,12,1),$B18<=DATE(年+1,3,31)),DATEDIF($A18,$B18,"d")+1,0)))) -> 0 | U18: =IF( AND($P18=ストレージ一般解析Quota設定のみ,$Q18<=30),0,IF( AND($P18=ストレージ一般解析Quota設定のみ,$Q18>30),ROUNDDOWN(ROUNDDOWN(ROUNDUP($Q18/10,0)*ストレージ一般解析Quota設定のみ単価*(R18/年間日数),0)*消費税,0),IF( AND($P18=ストレージ個人ゲノムQuota設定のみ),ROUNDDOWN(ROUNDDOWN(ROUNDUP($Q18/10,0)*ストレージ個人ゲノムQuota設定のみ単価*(R18/年間日数),0)*消費税,0),IF( $D18=CPU1_,ROUNDDOWN(ROUNDDOWN(($Q18*CPU7単価*R18/30),0)*消費税,0),IF( $D18=CPU2_,ROUNDDOWN(ROUNDDOWN(($Q18*CPU8単価*R18/30),0)*消費税,0),IF( $D18=Mem1_,ROUNDDOWN(ROUNDDOWN(($Q18*Mem1単価*R18/30),0)*消費税,0),IF( $D18=Mem2_,ROUNDDOWN(ROUNDDOWN(($Q18*Mem2単価*R18/30),0)*消費税,0),IF( $D18=Acc1_,ROUNDDOWN(ROUNDDOWN(($Q18*Acc1単価*R18/30),0)*消費税,0),IF( $D18=Acc2_,ROUNDDOWN(ROUNDDOWN(($Q18*Acc2単価*R18/30),0)*消費税,0),IF( $D18=Acc3_,ROUNDDOWN(ROUNDDOWN(($Q18*Acc3単価*R18/30),0)*消費税,0),"" ) ) ) ) ) ) ) ) ) ) | V18: =IF( AND($P18=ストレージ一般解析Quota設定のみ,$Q18<=30),0,IF( AND($P18=ストレージ一般解析Quota設定のみ,$Q18>30),ROUNDDOWN(ROUNDDOWN(ROUNDUP($Q18/10,0)*ストレージ一般解析Quota設定のみ単価*(S18/年間日数),0)*消費税,0),IF( AND($P18=ストレージ個人ゲノムQuota設定のみ),ROUNDDOWN(ROUNDDOWN(ROUNDUP($Q18/10,0)*ストレージ個人ゲノムQuota設定のみ単価*(S18/年間日数),0)*消費税,0),IF( $D18=CPU1_,ROUNDDOWN(ROUNDDOWN(($Q18*CPU7単価*S18/30),0)*消費税,0),IF( $D18=CPU2_,ROUNDDOWN(ROUNDDOWN(($Q18*CPU8単価*S18/30),0)*消費税,0),IF( $D18=Mem1_,ROUNDDOWN(ROUNDDOWN(($Q18*Mem1単価*S18/30),0)*消費税,0),IF( $D18=Mem2_,ROUNDDOWN(ROUNDDOWN(($Q18*Mem2単価*S18/30),0)*消費税,0),IF( $D18=Acc1_,ROUNDDOWN(ROUNDDOWN(($Q18*Acc1単価*S18/30),0)*消費税,0),IF( $D18=Acc2_,ROUNDDOWN(ROUNDDOWN(($Q18*Acc2単価*S18/30),0)*消費税,0),IF( $D18=Acc3_,ROUNDDOWN(ROUNDDOWN(($Q18*Acc3単価*S18/30),0)*消費税,0),"" ) ) ) ) ) ) ) ) ) ) | W18: =IF( AND($P18=ストレージ一般解析Quota設定のみ,$Q18<=30),0,IF( AND($P18=ストレージ一般解析Quota設定のみ,$Q18>30),ROUNDDOWN(ROUNDDOWN(ROUNDUP($Q18/10,0)*ストレージ一般解析Quota設定のみ単価*(T18/年間日数),0)*消費税,0),IF( AND($P18=ストレージ個人ゲノムQuota設定のみ),ROUNDDOWN(ROUNDDOWN(ROUNDUP($Q18/10,0)*ストレージ個人ゲノムQuota設定のみ単価*(T18/年間日数),0)*消費税,0),IF( $D18=CPU1_,ROUNDDOWN(ROUNDDOWN(($Q18*CPU7単価*T18/30),0)*消費税,0),IF( $D18=CPU2_,ROUNDDOWN(ROUNDDOWN(($Q18*CPU8単価*T18/30),0)*消費税,0),IF( $D18=Mem1_,ROUNDDOWN(ROUNDDOWN(($Q18*Mem1単価*T18/30),0)*消費税,0),IF( $D18=Mem2_,ROUNDDOWN(ROUNDDOWN(($Q18*Mem2単価*T18/30),0)*消費税,0),IF( $D18=Acc1_,ROUNDDOWN(ROUNDDOWN(($Q18*Acc1単価*T18/30),0)*消費税,0),IF( $D18=Acc2_,ROUNDDOWN(ROUNDDOWN(($Q18*Acc2単価*T18/30),0)*消費税,0),IF( $D18=Acc3_,ROUNDDOWN(ROUNDDOWN(($Q18*Acc3単価*T18/30),0)*消費税,0),"" ) ) ) ) ) ) ) ) ) )
O19: =IF( AND(SUM(E19:N19)>0,OR(C19=Sheet1!$A$1,C19=Sheet1!$A$2)), CONCATENATE(SUM(E19:N19),"TB"), IF( AND(SUM(E19:N19)>0,OR(C19=Sheet1!$A$6,C19=Sheet1!$A$3,C19=Sheet1!$A$7,C19=Sheet1!$A$4),D19=Sheet1!$B$31), CONCATENATE(SUM(E19:N19),"台"), IF( AND( SUM(E19:N19)>0, OR(C19=Sheet1!$A$6,C19=Sheet1!$A$3,C19=Sheet1!$A$7,C19=Sheet1!$A$4,C19=Sheet1!$A$5), OR(D19=Sheet1!$B$25,D19=Sheet1!$B$26,D19=Sheet1!$B$27,D19=Sheet1!$B$28,D19=Sheet1!$B$29,D19=Sheet1!$B$30) ), CONCATENATE(SUM(E19:N19),"単位"), "" ) ) ) | P19: =C19&D19 | Q19: =SUM(E19:N19) -> 0 | R19: =IF(AND($A19<=DATE(年,4,1),$B19>=DATE(年,7,31)),DATEDIF(DATE(年,4,1),DATE(年,7,31),"d")+1,IF(AND($A19>DATE(年,4,1),$A19<=DATE(年,7,31),$B19>=DATE(年,7,31)),DATEDIF($A19,DATE(年,7,31),"d")+1,IF(AND($A19<=DATE(年,4,1),$B19>=DATE(年,4,1),$B19<=DATE(年,7,31)),DATEDIF(DATE(年,4,1),$B19,"d")+1,IF(AND($A19>=DATE(年,4,1),$A19<=DATE(年,7,31),$B19>=DATE(年,4,1),$B19<=DATE(年,7,31)),DATEDIF(A19,B19,"d")+1,0)))) -> 0 | S19: =IF(AND($A19<=DATE(年,8,1),$B19>=DATE(年,11,30)),DATEDIF(DATE(年,8,1),DATE(年,11,30),"d")+1,IF(AND($A19>DATE(年,8,1),$A19<=DATE(年,11,30),$B19>=DATE(年,11,30)),DATEDIF($A19,DATE(年,11,30),"d")+1,IF(AND($A19<=DATE(年,8,1),$B19>=DATE(年,8,1),$B19<=DATE(年,11,30)),DATEDIF(DATE(年,8,1),$B19,"d")+1,IF(AND($A19>=DATE(年,8,1),$A19<=DATE(年,11,30),$B19>=DATE(年,8,1),$B19<=DATE(年,11,30)),DATEDIF($A19,$B19,"d")+1,0)))) -> 0 | T19: =IF(AND($A19<=DATE(年,12,1),$B19>=DATE(年+1,3,31)),DATEDIF(DATE(年,12,1),DATE(年+1,3,31),"d")+1,IF(AND($A19>DATE(年,12,1),$A19<=DATE(年+1,3,31),$B19>=DATE(年+1,3,31)),DATEDIF($A19,DATE(年+1,3,31),"d")+1,IF(AND($A19<=DATE(年,12,1),$B19>=DATE(年,12,1),$B19<=DATE(年+1,3,31)),DATEDIF(DATE(年,12,1),$B19,"d")+1,IF(AND(A19>=DATE(年,12,1),$A19<=DATE(年+1,3,31),$B19>=DATE(年,12,1),$B19<=DATE(年+1,3,31)),DATEDIF($A19,$B19,"d")+1,0)))) -> 0 | U19: =IF( AND($P19=ストレージ一般解析Quota設定のみ,$Q19<=30),0,IF( AND($P19=ストレージ一般解析Quota設定のみ,$Q19>30),ROUNDDOWN(ROUNDDOWN(ROUNDUP($Q19/10,0)*ストレージ一般解析Quota設定のみ単価*(R19/年間日数),0)*消費税,0),IF( AND($P19=ストレージ個人ゲノムQuota設定のみ),ROUNDDOWN(ROUNDDOWN(ROUNDUP($Q19/10,0)*ストレージ個人ゲノムQuota設定のみ単価*(R19/年間日数),0)*消費税,0),IF( $D19=CPU1_,ROUNDDOWN(ROUNDDOWN(($Q19*CPU8単価*R19/30),0)*消費税,0),IF( $D19=CPU2_,ROUNDDOWN(ROUNDDOWN(($Q19*CPU9単価*R19/30),0)*消費税,0),IF( $D19=Mem1_,ROUNDDOWN(ROUNDDOWN(($Q19*Mem1単価*R19/30),0)*消費税,0),IF( $D19=Mem2_,ROUNDDOWN(ROUNDDOWN(($Q19*Mem2単価*R19/30),0)*消費税,0),IF( $D19=Acc1_,ROUNDDOWN(ROUNDDOWN(($Q19*Acc1単価*R19/30),0)*消費税,0),IF( $D19=Acc2_,ROUNDDOWN(ROUNDDOWN(($Q19*Acc2単価*R19/30),0)*消費税,0),IF( $D19=Acc3_,ROUNDDOWN(ROUNDDOWN(($Q19*Acc3単価*R19/30),0)*消費税,0),"" ) ) ) ) ) ) ) ) ) ) | V19: =IF( AND($P19=ストレージ一般解析Quota設定のみ,$Q19<=30),0,IF( AND($P19=ストレージ一般解析Quota設定のみ,$Q19>30),ROUNDDOWN(ROUNDDOWN(ROUNDUP($Q19/10,0)*ストレージ一般解析Quota設定のみ単価*(S19/年間日数),0)*消費税,0),IF( AND($P19=ストレージ個人ゲノムQuota設定のみ),ROUNDDOWN(ROUNDDOWN(ROUNDUP($Q19/10,0)*ストレージ個人ゲノムQuota設定のみ単価*(S19/年間日数),0)*消費税,0),IF( $D19=CPU1_,ROUNDDOWN(ROUNDDOWN(($Q19*CPU8単価*S19/30),0)*消費税,0),IF( $D19=CPU2_,ROUNDDOWN(ROUNDDOWN(($Q19*CPU9単価*S19/30),0)*消費税,0),IF( $D19=Mem1_,ROUNDDOWN(ROUNDDOWN(($Q19*Mem1単価*S19/30),0)*消費税,0),IF( $D19=Mem2_,ROUNDDOWN(ROUNDDOWN(($Q19*Mem2単価*S19/30),0)*消費税,0),IF( $D19=Acc1_,ROUNDDOWN(ROUNDDOWN(($Q19*Acc1単価*S19/30),0)*消費税,0),IF( $D19=Acc2_,ROUNDDOWN(ROUNDDOWN(($Q19*Acc2単価*S19/30),0)*消費税,0),IF( $D19=Acc3_,ROUNDDOWN(ROUNDDOWN(($Q19*Acc3単価*S19/30),0)*消費税,0),"" ) ) ) ) ) ) ) ) ) ) | W19: =IF( AND($P19=ストレージ一般解析Quota設定のみ,$Q19<=30),0,IF( AND($P19=ストレージ一般解析Quota設定のみ,$Q19>30),ROUNDDOWN(ROUNDDOWN(ROUNDUP($Q19/10,0)*ストレージ一般解析Quota設定のみ単価*(T19/年間日数),0)*消費税,0),IF( AND($P19=ストレージ個人ゲノムQuota設定のみ),ROUNDDOWN(ROUNDDOWN(ROUNDUP($Q19/10,0)*ストレージ個人ゲノムQuota設定のみ単価*(T19/年間日数),0)*消費税,0),IF( $D19=CPU1_,ROUNDDOWN(ROUNDDOWN(($Q19*CPU8単価*T19/30),0)*消費税,0),IF( $D19=CPU2_,ROUNDDOWN(ROUNDDOWN(($Q19*CPU9単価*T19/30),0)*消費税,0),IF( $D19=Mem1_,ROUNDDOWN(ROUNDDOWN(($Q19*Mem1単価*T19/30),0)*消費税,0),IF( $D19=Mem2_,ROUNDDOWN(ROUNDDOWN(($Q19*Mem2単価*T19/30),0)*消費税,0),IF( $D19=Acc1_,ROUNDDOWN(ROUNDDOWN(($Q19*Acc1単価*T19/30),0)*消費税,0),IF( $D19=Acc2_,ROUNDDOWN(ROUNDDOWN(($Q19*Acc2単価*T19/30),0)*消費税,0),IF( $D19=Acc3_,ROUNDDOWN(ROUNDDOWN(($Q19*Acc3単価*T19/30),0)*消費税,0),"" ) ) ) ) ) ) ) ) ) )
O20: =IF( AND(SUM(E20:N20)>0,OR(C20=Sheet1!$A$1,C20=Sheet1!$A$2)), CONCATENATE(SUM(E20:N20),"TB"), IF( AND(SUM(E20:N20)>0,OR(C20=Sheet1!$A$6,C20=Sheet1!$A$3,C20=Sheet1!$A$7,C20=Sheet1!$A$4),D20=Sheet1!$B$31), CONCATENATE(SUM(E20:N20),"台"), IF( AND( SUM(E20:N20)>0, OR(C20=Sheet1!$A$6,C20=Sheet1!$A$3,C20=Sheet1!$A$7,C20=Sheet1!$A$4,C20=Sheet1!$A$5), OR(D20=Sheet1!$B$25,D20=Sheet1!$B$26,D20=Sheet1!$B$27,D20=Sheet1!$B$28,D20=Sheet1!$B$29,D20=Sheet1!$B$30) ), CONCATENATE(SUM(E20:N20),"単位"), "" ) ) ) | P20: =C20&D20 | Q20: =SUM(E20:N20) -> 0 | R20: =IF(AND($A20<=DATE(年,4,1),$B20>=DATE(年,7,31)),DATEDIF(DATE(年,4,1),DATE(年,7,31),"d")+1,IF(AND($A20>DATE(年,4,1),$A20<=DATE(年,7,31),$B20>=DATE(年,7,31)),DATEDIF($A20,DATE(年,7,31),"d")+1,IF(AND($A20<=DATE(年,4,1),$B20>=DATE(年,4,1),$B20<=DATE(年,7,31)),DATEDIF(DATE(年,4,1),$B20,"d")+1,IF(AND($A20>=DATE(年,4,1),$A20<=DATE(年,7,31),$B20>=DATE(年,4,1),$B20<=DATE(年,7,31)),DATEDIF(A20,B20,"d")+1,0)))) -> 0 | S20: =IF(AND($A20<=DATE(年,8,1),$B20>=DATE(年,11,30)),DATEDIF(DATE(年,8,1),DATE(年,11,30),"d")+1,IF(AND($A20>DATE(年,8,1),$A20<=DATE(年,11,30),$B20>=DATE(年,11,30)),DATEDIF($A20,DATE(年,11,30),"d")+1,IF(AND($A20<=DATE(年,8,1),$B20>=DATE(年,8,1),$B20<=DATE(年,11,30)),DATEDIF(DATE(年,8,1),$B20,"d")+1,IF(AND($A20>=DATE(年,8,1),$A20<=DATE(年,11,30),$B20>=DATE(年,8,1),$B20<=DATE(年,11,30)),DATEDIF($A20,$B20,"d")+1,0)))) -> 0 | T20: =IF(AND($A20<=DATE(年,12,1),$B20>=DATE(年+1,3,31)),DATEDIF(DATE(年,12,1),DATE(年+1,3,31),"d")+1,IF(AND($A20>DATE(年,12,1),$A20<=DATE(年+1,3,31),$B20>=DATE(年+1,3,31)),DATEDIF($A20,DATE(年+1,3,31),"d")+1,IF(AND($A20<=DATE(年,12,1),$B20>=DATE(年,12,1),$B20<=DATE(年+1,3,31)),DATEDIF(DATE(年,12,1),$B20,"d")+1,IF(AND(A20>=DATE(年,12,1),$A20<=DATE(年+1,3,31),$B20>=DATE(年,12,1),$B20<=DATE(年+1,3,31)),DATEDIF($A20,$B20,"d")+1,0)))) -> 0 | U20: =IF( AND($P20=ストレージ一般解析Quota設定のみ,$Q20<=30),0,IF( AND($P20=ストレージ一般解析Quota設定のみ,$Q20>30),ROUNDDOWN(ROUNDDOWN(ROUNDUP($Q20/10,0)*ストレージ一般解析Quota設定のみ単価*(R20/年間日数),0)*消費税,0),IF( AND($P20=ストレージ個人ゲノムQuota設定のみ),ROUNDDOWN(ROUNDDOWN(ROUNDUP($Q20/10,0)*ストレージ個人ゲノムQuota設定のみ単価*(R20/年間日数),0)*消費税,0),IF( $D20=CPU1_,ROUNDDOWN(ROUNDDOWN(($Q20*CPU9単価*R20/30),0)*消費税,0),IF( $D20=CPU2_,ROUNDDOWN(ROUNDDOWN(($Q20*CPU10単価*R20/30),0)*消費税,0),IF( $D20=Mem1_,ROUNDDOWN(ROUNDDOWN(($Q20*Mem1単価*R20/30),0)*消費税,0),IF( $D20=Mem2_,ROUNDDOWN(ROUNDDOWN(($Q20*Mem2単価*R20/30),0)*消費税,0),IF( $D20=Acc1_,ROUNDDOWN(ROUNDDOWN(($Q20*Acc1単価*R20/30),0)*消費税,0),IF( $D20=Acc2_,ROUNDDOWN(ROUNDDOWN(($Q20*Acc2単価*R20/30),0)*消費税,0),IF( $D20=Acc3_,ROUNDDOWN(ROUNDDOWN(($Q20*Acc3単価*R20/30),0)*消費税,0),"" ) ) ) ) ) ) ) ) ) ) | V20: =IF( AND($P20=ストレージ一般解析Quota設定のみ,$Q20<=30),0,IF( AND($P20=ストレージ一般解析Quota設定のみ,$Q20>30),ROUNDDOWN(ROUNDDOWN(ROUNDUP($Q20/10,0)*ストレージ一般解析Quota設定のみ単価*(S20/年間日数),0)*消費税,0),IF( AND($P20=ストレージ個人ゲノムQuota設定のみ),ROUNDDOWN(ROUNDDOWN(ROUNDUP($Q20/10,0)*ストレージ個人ゲノムQuota設定のみ単価*(S20/年間日数),0)*消費税,0),IF( $D20=CPU1_,ROUNDDOWN(ROUNDDOWN(($Q20*CPU9単価*S20/30),0)*消費税,0),IF( $D20=CPU2_,ROUNDDOWN(ROUNDDOWN(($Q20*CPU10単価*S20/30),0)*消費税,0),IF( $D20=Mem1_,ROUNDDOWN(ROUNDDOWN(($Q20*Mem1単価*S20/30),0)*消費税,0),IF( $D20=Mem2_,ROUNDDOWN(ROUNDDOWN(($Q20*Mem2単価*S20/30),0)*消費税,0),IF( $D20=Acc1_,ROUNDDOWN(ROUNDDOWN(($Q20*Acc1単価*S20/30),0)*消費税,0),IF( $D20=Acc2_,ROUNDDOWN(ROUNDDOWN(($Q20*Acc2単価*S20/30),0)*消費税,0),IF( $D20=Acc3_,ROUNDDOWN(ROUNDDOWN(($Q20*Acc3単価*S20/30),0)*消費税,0),"" ) ) ) ) ) ) ) ) ) ) | W20: =IF( AND($P20=ストレージ一般解析Quota設定のみ,$Q20<=30),0,IF( AND($P20=ストレージ一般解析Quota設定のみ,$Q20>30),ROUNDDOWN(ROUNDDOWN(ROUNDUP($Q20/10,0)*ストレージ一般解析Quota設定のみ単価*(T20/年間日数),0)*消費税,0),IF( AND($P20=ストレージ個人ゲノムQuota設定のみ),ROUNDDOWN(ROUNDDOWN(ROUNDUP($Q20/10,0)*ストレージ個人ゲノムQuota設定のみ単価*(T20/年間日数),0)*消費税,0),IF( $D20=CPU1_,ROUNDDOWN(ROUNDDOWN(($Q20*CPU9単価*T20/30),0)*消費税,0),IF( $D20=CPU2_,ROUNDDOWN(ROUNDDOWN(($Q20*CPU10単価*T20/30),0)*消費税,0),IF( $D20=Mem1_,ROUNDDOWN(ROUNDDOWN(($Q20*Mem1単価*T20/30),0)*消費税,0),IF( $D20=Mem2_,ROUNDDOWN(ROUNDDOWN(($Q20*Mem2単価*T20/30),0)*消費税,0),IF( $D20=Acc1_,ROUNDDOWN(ROUNDDOWN(($Q20*Acc1単価*T20/30),0)*消費税,0),IF( $D20=Acc2_,ROUNDDOWN(ROUNDDOWN(($Q20*Acc2単価*T20/30),0)*消費税,0),IF( $D20=Acc3_,ROUNDDOWN(ROUNDDOWN(($Q20*Acc3単価*T20/30),0)*消費税,0),"" ) ) ) ) ) ) ) ) ) )
O21: =IF( AND(SUM(E21:N21)>0,OR(C21=Sheet1!$A$1,C21=Sheet1!$A$2)), CONCATENATE(SUM(E21:N21),"TB"), IF( AND(SUM(E21:N21)>0,OR(C21=Sheet1!$A$6,C21=Sheet1!$A$3,C21=Sheet1!$A$7,C21=Sheet1!$A$4),D21=Sheet1!$B$31), CONCATENATE(SUM(E21:N21),"台"), IF( AND( SUM(E21:N21)>0, OR(C21=Sheet1!$A$6,C21=Sheet1!$A$3,C21=Sheet1!$A$7,C21=Sheet1!$A$4,C21=Sheet1!$A$5), OR(D21=Sheet1!$B$25,D21=Sheet1!$B$26,D21=Sheet1!$B$27,D21=Sheet1!$B$28,D21=Sheet1!$B$29,D21=Sheet1!$B$30) ), CONCATENATE(SUM(E21:N21),"単位"), "" ) ) ) | P21: =C21&D21 | Q21: =SUM(E21:N21) -> 0 | R21: =IF(AND($A21<=DATE(年,4,1),$B21>=DATE(年,7,31)),DATEDIF(DATE(年,4,1),DATE(年,7,31),"d")+1,IF(AND($A21>DATE(年,4,1),$A21<=DATE(年,7,31),$B21>=DATE(年,7,31)),DATEDIF($A21,DATE(年,7,31),"d")+1,IF(AND($A21<=DATE(年,4,1),$B21>=DATE(年,4,1),$B21<=DATE(年,7,31)),DATEDIF(DATE(年,4,1),$B21,"d")+1,IF(AND($A21>=DATE(年,4,1),$A21<=DATE(年,7,31),$B21>=DATE(年,4,1),$B21<=DATE(年,7,31)),DATEDIF(A21,B21,"d")+1,0)))) -> 0 | S21: =IF(AND($A21<=DATE(年,8,1),$B21>=DATE(年,11,30)),DATEDIF(DATE(年,8,1),DATE(年,11,30),"d")+1,IF(AND($A21>DATE(年,8,1),$A21<=DATE(年,11,30),$B21>=DATE(年,11,30)),DATEDIF($A21,DATE(年,11,30),"d")+1,IF(AND($A21<=DATE(年,8,1),$B21>=DATE(年,8,1),$B21<=DATE(年,11,30)),DATEDIF(DATE(年,8,1),$B21,"d")+1,IF(AND($A21>=DATE(年,8,1),$A21<=DATE(年,11,30),$B21>=DATE(年,8,1),$B21<=DATE(年,11,30)),DATEDIF($A21,$B21,"d")+1,0)))) -> 0 | T21: =IF(AND($A21<=DATE(年,12,1),$B21>=DATE(年+1,3,31)),DATEDIF(DATE(年,12,1),DATE(年+1,3,31),"d")+1,IF(AND($A21>DATE(年,12,1),$A21<=DATE(年+1,3,31),$B21>=DATE(年+1,3,31)),DATEDIF($A21,DATE(年+1,3,31),"d")+1,IF(AND($A21<=DATE(年,12,1),$B21>=DATE(年,12,1),$B21<=DATE(年+1,3,31)),DATEDIF(DATE(年,12,1),$B21,"d")+1,IF(AND(A21>=DATE(年,12,1),$A21<=DATE(年+1,3,31),$B21>=DATE(年,12,1),$B21<=DATE(年+1,3,31)),DATEDIF($A21,$B21,"d")+1,0)))) -> 0 | U21: =IF( AND($P21=ストレージ一般解析Quota設定のみ,$Q21<=30),0,IF( AND($P21=ストレージ一般解析Quota設定のみ,$Q21>30),ROUNDDOWN(ROUNDDOWN(ROUNDUP($Q21/10,0)*ストレージ一般解析Quota設定のみ単価*(R21/年間日数),0)*消費税,0),IF( AND($P21=ストレージ個人ゲノムQuota設定のみ),ROUNDDOWN(ROUNDDOWN(ROUNDUP($Q21/10,0)*ストレージ個人ゲノムQuota設定のみ単価*(R21/年間日数),0)*消費税,0),IF( $D21=CPU1_,ROUNDDOWN(ROUNDDOWN(($Q21*CPU10単価*R21/30),0)*消費税,0),IF( $D21=CPU2_,ROUNDDOWN(ROUNDDOWN(($Q21*CPU11単価*R21/30),0)*消費税,0),IF( $D21=Mem1_,ROUNDDOWN(ROUNDDOWN(($Q21*Mem1単価*R21/30),0)*消費税,0),IF( $D21=Mem2_,ROUNDDOWN(ROUNDDOWN(($Q21*Mem2単価*R21/30),0)*消費税,0),IF( $D21=Acc1_,ROUNDDOWN(ROUNDDOWN(($Q21*Acc1単価*R21/30),0)*消費税,0),IF( $D21=Acc2_,ROUNDDOWN(ROUNDDOWN(($Q21*Acc2単価*R21/30),0)*消費税,0),IF( $D21=Acc3_,ROUNDDOWN(ROUNDDOWN(($Q21*Acc3単価*R21/30),0)*消費税,0),"" ) ) ) ) ) ) ) ) ) ) | V21: =IF( AND($P21=ストレージ一般解析Quota設定のみ,$Q21<=30),0,IF( AND($P21=ストレージ一般解析Quota設定のみ,$Q21>30),ROUNDDOWN(ROUNDDOWN(ROUNDUP($Q21/10,0)*ストレージ一般解析Quota設定のみ単価*(S21/年間日数),0)*消費税,0),IF( AND($P21=ストレージ個人ゲノムQuota設定のみ),ROUNDDOWN(ROUNDDOWN(ROUNDUP($Q21/10,0)*ストレージ個人ゲノムQuota設定のみ単価*(S21/年間日数),0)*消費税,0),IF( $D21=CPU1_,ROUNDDOWN(ROUNDDOWN(($Q21*CPU10単価*S21/30),0)*消費税,0),IF( $D21=CPU2_,ROUNDDOWN(ROUNDDOWN(($Q21*CPU11単価*S21/30),0)*消費税,0),IF( $D21=Mem1_,ROUNDDOWN(ROUNDDOWN(($Q21*Mem1単価*S21/30),0)*消費税,0),IF( $D21=Mem2_,ROUNDDOWN(ROUNDDOWN(($Q21*Mem2単価*S21/30),0)*消費税,0),IF( $D21=Acc1_,ROUNDDOWN(ROUNDDOWN(($Q21*Acc1単価*S21/30),0)*消費税,0),IF( $D21=Acc2_,ROUNDDOWN(ROUNDDOWN(($Q21*Acc2単価*S21/30),0)*消費税,0),IF( $D21=Acc3_,ROUNDDOWN(ROUNDDOWN(($Q21*Acc3単価*S21/30),0)*消費税,0),"" ) ) ) ) ) ) ) ) ) ) | W21: =IF( AND($P21=ストレージ一般解析Quota設定のみ,$Q21<=30),0,IF( AND($P21=ストレージ一般解析Quota設定のみ,$Q21>30),ROUNDDOWN(ROUNDDOWN(ROUNDUP($Q21/10,0)*ストレージ一般解析Quota設定のみ単価*(T21/年間日数),0)*消費税,0),IF( AND($P21=ストレージ個人ゲノムQuota設定のみ),ROUNDDOWN(ROUNDDOWN(ROUNDUP($Q21/10,0)*ストレージ個人ゲノムQuota設定のみ単価*(T21/年間日数),0)*消費税,0),IF( $D21=CPU1_,ROUNDDOWN(ROUNDDOWN(($Q21*CPU10単価*T21/30),0)*消費税,0),IF( $D21=CPU2_,ROUNDDOWN(ROUNDDOWN(($Q21*CPU11単価*T21/30),0)*消費税,0),IF( $D21=Mem1_,ROUNDDOWN(ROUNDDOWN(($Q21*Mem1単価*T21/30),0)*消費税,0),IF( $D21=Mem2_,ROUNDDOWN(ROUNDDOWN(($Q21*Mem2単価*T21/30),0)*消費税,0),IF( $D21=Acc1_,ROUNDDOWN(ROUNDDOWN(($Q21*Acc1単価*T21/30),0)*消費税,0),IF( $D21=Acc2_,ROUNDDOWN(ROUNDDOWN(($Q21*Acc2単価*T21/30),0)*消費税,0),IF( $D21=Acc3_,ROUNDDOWN(ROUNDDOWN(($Q21*Acc3単価*T21/30),0)*消費税,0),"" ) ) ) ) ) ) ) ) ) )
O22: =IF( AND(SUM(E22:N22)>0,OR(C22=Sheet1!$A$1,C22=Sheet1!$A$2)), CONCATENATE(SUM(E22:N22),"TB"), IF( AND(SUM(E22:N22)>0,OR(C22=Sheet1!$A$6,C22=Sheet1!$A$3,C22=Sheet1!$A$7,C22=Sheet1!$A$4),D22=Sheet1!$B$31), CONCATENATE(SUM(E22:N22),"台"), IF( AND( SUM(E22:N22)>0, OR(C22=Sheet1!$A$6,C22=Sheet1!$A$3,C22=Sheet1!$A$7,C22=Sheet1!$A$4,C22=Sheet1!$A$5), OR(D22=Sheet1!$B$25,D22=Sheet1!$B$26,D22=Sheet1!$B$27,D22=Sheet1!$B$28,D22=Sheet1!$B$29,D22=Sheet1!$B$30) ), CONCATENATE(SUM(E22:N22),"単位"), "" ) ) ) | P22: =C22&D22 | Q22: =SUM(E22:N22) -> 0 | R22: =IF(AND($A22<=DATE(年,4,1),$B22>=DATE(年,7,31)),DATEDIF(DATE(年,4,1),DATE(年,7,31),"d")+1,IF(AND($A22>DATE(年,4,1),$A22<=DATE(年,7,31),$B22>=DATE(年,7,31)),DATEDIF($A22,DATE(年,7,31),"d")+1,IF(AND($A22<=DATE(年,4,1),$B22>=DATE(年,4,1),$B22<=DATE(年,7,31)),DATEDIF(DATE(年,4,1),$B22,"d")+1,IF(AND($A22>=DATE(年,4,1),$A22<=DATE(年,7,31),$B22>=DATE(年,4,1),$B22<=DATE(年,7,31)),DATEDIF(A22,B22,"d")+1,0)))) -> 0 | S22: =IF(AND($A22<=DATE(年,8,1),$B22>=DATE(年,11,30)),DATEDIF(DATE(年,8,1),DATE(年,11,30),"d")+1,IF(AND($A22>DATE(年,8,1),$A22<=DATE(年,11,30),$B22>=DATE(年,11,30)),DATEDIF($A22,DATE(年,11,30),"d")+1,IF(AND($A22<=DATE(年,8,1),$B22>=DATE(年,8,1),$B22<=DATE(年,11,30)),DATEDIF(DATE(年,8,1),$B22,"d")+1,IF(AND($A22>=DATE(年,8,1),$A22<=DATE(年,11,30),$B22>=DATE(年,8,1),$B22<=DATE(年,11,30)),DATEDIF($A22,$B22,"d")+1,0)))) -> 0 | T22: =IF(AND($A22<=DATE(年,12,1),$B22>=DATE(年+1,3,31)),DATEDIF(DATE(年,12,1),DATE(年+1,3,31),"d")+1,IF(AND($A22>DATE(年,12,1),$A22<=DATE(年+1,3,31),$B22>=DATE(年+1,3,31)),DATEDIF($A22,DATE(年+1,3,31),"d")+1,IF(AND($A22<=DATE(年,12,1),$B22>=DATE(年,12,1),$B22<=DATE(年+1,3,31)),DATEDIF(DATE(年,12,1),$B22,"d")+1,IF(AND(A22>=DATE(年,12,1),$A22<=DATE(年+1,3,31),$B22>=DATE(年,12,1),$B22<=DATE(年+1,3,31)),DATEDIF($A22,$B22,"d")+1,0)))) -> 0 | U22: =IF( AND($P22=ストレージ一般解析Quota設定のみ,$Q22<=30),0,IF( AND($P22=ストレージ一般解析Quota設定のみ,$Q22>30),ROUNDDOWN(ROUNDDOWN(ROUNDUP($Q22/10,0)*ストレージ一般解析Quota設定のみ単価*(R22/年間日数),0)*消費税,0),IF( AND($P22=ストレージ個人ゲノムQuota設定のみ),ROUNDDOWN(ROUNDDOWN(ROUNDUP($Q22/10,0)*ストレージ個人ゲノムQuota設定のみ単価*(R22/年間日数),0)*消費税,0),IF( $D22=CPU1_,ROUNDDOWN(ROUNDDOWN(($Q22*CPU11単価*R22/30),0)*消費税,0),IF( $D22=CPU2_,ROUNDDOWN(ROUNDDOWN(($Q22*CPU12単価*R22/30),0)*消費税,0),IF( $D22=Mem1_,ROUNDDOWN(ROUNDDOWN(($Q22*Mem1単価*R22/30),0)*消費税,0),IF( $D22=Mem2_,ROUNDDOWN(ROUNDDOWN(($Q22*Mem2単価*R22/30),0)*消費税,0),IF( $D22=Acc1_,ROUNDDOWN(ROUNDDOWN(($Q22*Acc1単価*R22/30),0)*消費税,0),IF( $D22=Acc2_,ROUNDDOWN(ROUNDDOWN(($Q22*Acc2単価*R22/30),0)*消費税,0),IF( $D22=Acc3_,ROUNDDOWN(ROUNDDOWN(($Q22*Acc3単価*R22/30),0)*消費税,0),"" ) ) ) ) ) ) ) ) ) ) | V22: =IF( AND($P22=ストレージ一般解析Quota設定のみ,$Q22<=30),0,IF( AND($P22=ストレージ一般解析Quota設定のみ,$Q22>30),ROUNDDOWN(ROUNDDOWN(ROUNDUP($Q22/10,0)*ストレージ一般解析Quota設定のみ単価*(S22/年間日数),0)*消費税,0),IF( AND($P22=ストレージ個人ゲノムQuota設定のみ),ROUNDDOWN(ROUNDDOWN(ROUNDUP($Q22/10,0)*ストレージ個人ゲノムQuota設定のみ単価*(S22/年間日数),0)*消費税,0),IF( $D22=CPU1_,ROUNDDOWN(ROUNDDOWN(($Q22*CPU11単価*S22/30),0)*消費税,0),IF( $D22=CPU2_,ROUNDDOWN(ROUNDDOWN(($Q22*CPU12単価*S22/30),0)*消費税,0),IF( $D22=Mem1_,ROUNDDOWN(ROUNDDOWN(($Q22*Mem1単価*S22/30),0)*消費税,0),IF( $D22=Mem2_,ROUNDDOWN(ROUNDDOWN(($Q22*Mem2単価*S22/30),0)*消費税,0),IF( $D22=Acc1_,ROUNDDOWN(ROUNDDOWN(($Q22*Acc1単価*S22/30),0)*消費税,0),IF( $D22=Acc2_,ROUNDDOWN(ROUNDDOWN(($Q22*Acc2単価*S22/30),0)*消費税,0),IF( $D22=Acc3_,ROUNDDOWN(ROUNDDOWN(($Q22*Acc3単価*S22/30),0)*消費税,0),"" ) ) ) ) ) ) ) ) ) ) | W22: =IF( AND($P22=ストレージ一般解析Quota設定のみ,$Q22<=30),0,IF( AND($P22=ストレージ一般解析Quota設定のみ,$Q22>30),ROUNDDOWN(ROUNDDOWN(ROUNDUP($Q22/10,0)*ストレージ一般解析Quota設定のみ単価*(T22/年間日数),0)*消費税,0),IF( AND($P22=ストレージ個人ゲノムQuota設定のみ),ROUNDDOWN(ROUNDDOWN(ROUNDUP($Q22/10,0)*ストレージ個人ゲノムQuota設定のみ単価*(T22/年間日数),0)*消費税,0),IF( $D22=CPU1_,ROUNDDOWN(ROUNDDOWN(($Q22*CPU11単価*T22/30),0)*消費税,0),IF( $D22=CPU2_,ROUNDDOWN(ROUNDDOWN(($Q22*CPU12単価*T22/30),0)*消費税,0),IF( $D22=Mem1_,ROUNDDOWN(ROUNDDOWN(($Q22*Mem1単価*T22/30),0)*消費税,0),IF( $D22=Mem2_,ROUNDDOWN(ROUNDDOWN(($Q22*Mem2単価*T22/30),0)*消費税,0),IF( $D22=Acc1_,ROUNDDOWN(ROUNDDOWN(($Q22*Acc1単価*T22/30),0)*消費税,0),IF( $D22=Acc2_,ROUNDDOWN(ROUNDDOWN(($Q22*Acc2単価*T22/30),0)*消費税,0),IF( $D22=Acc3_,ROUNDDOWN(ROUNDDOWN(($Q22*Acc3単価*T22/30),0)*消費税,0),"" ) ) ) ) ) ) ) ) ) )
O23: =IF( AND(SUM(E23:N23)>0,OR(C23=Sheet1!$A$1,C23=Sheet1!$A$2)), CONCATENATE(SUM(E23:N23),"TB"), IF( AND(SUM(E23:N23)>0,OR(C23=Sheet1!$A$6,C23=Sheet1!$A$3,C23=Sheet1!$A$7,C23=Sheet1!$A$4),D23=Sheet1!$B$31), CONCATENATE(SUM(E23:N23),"台"), IF( AND( SUM(E23:N23)>0, OR(C23=Sheet1!$A$6,C23=Sheet1!$A$3,C23=Sheet1!$A$7,C23=Sheet1!$A$4,C23=Sheet1!$A$5), OR(D23=Sheet1!$B$25,D23=Sheet1!$B$26,D23=Sheet1!$B$27,D23=Sheet1!$B$28,D23=Sheet1!$B$29,D23=Sheet1!$B$30) ), CONCATENATE(SUM(E23:N23),"単位"), "" ) ) ) | P23: =C23&D23 | Q23: =SUM(E23:N23) -> 0 | R23: =IF(AND($A23<=DATE(年,4,1),$B23>=DATE(年,7,31)),DATEDIF(DATE(年,4,1),DATE(年,7,31),"d")+1,IF(AND($A23>DATE(年,4,1),$A23<=DATE(年,7,31),$B23>=DATE(年,7,31)),DATEDIF($A23,DATE(年,7,31),"d")+1,IF(AND($A23<=DATE(年,4,1),$B23>=DATE(年,4,1),$B23<=DATE(年,7,31)),DATEDIF(DATE(年,4,1),$B23,"d")+1,IF(AND($A23>=DATE(年,4,1),$A23<=DATE(年,7,31),$B23>=DATE(年,4,1),$B23<=DATE(年,7,31)),DATEDIF(A23,B23,"d")+1,0)))) -> 0 | S23: =IF(AND($A23<=DATE(年,8,1),$B23>=DATE(年,11,30)),DATEDIF(DATE(年,8,1),DATE(年,11,30),"d")+1,IF(AND($A23>DATE(年,8,1),$A23<=DATE(年,11,30),$B23>=DATE(年,11,30)),DATEDIF($A23,DATE(年,11,30),"d")+1,IF(AND($A23<=DATE(年,8,1),$B23>=DATE(年,8,1),$B23<=DATE(年,11,30)),DATEDIF(DATE(年,8,1),$B23,"d")+1,IF(AND($A23>=DATE(年,8,1),$A23<=DATE(年,11,30),$B23>=DATE(年,8,1),$B23<=DATE(年,11,30)),DATEDIF($A23,$B23,"d")+1,0)))) -> 0 | T23: =IF(AND($A23<=DATE(年,12,1),$B23>=DATE(年+1,3,31)),DATEDIF(DATE(年,12,1),DATE(年+1,3,31),"d")+1,IF(AND($A23>DATE(年,12,1),$A23<=DATE(年+1,3,31),$B23>=DATE(年+1,3,31)),DATEDIF($A23,DATE(年+1,3,31),"d")+1,IF(AND($A23<=DATE(年,12,1),$B23>=DATE(年,12,1),$B23<=DATE(年+1,3,31)),DATEDIF(DATE(年,12,1),$B23,"d")+1,IF(AND(A23>=DATE(年,12,1),$A23<=DATE(年+1,3,31),$B23>=DATE(年,12,1),$B23<=DATE(年+1,3,31)),DATEDIF($A23,$B23,"d")+1,0)))) -> 0 | U23: =IF( AND($P23=ストレージ一般解析Quota設定のみ,$Q23<=30),0,IF( AND($P23=ストレージ一般解析Quota設定のみ,$Q23>30),ROUNDDOWN(ROUNDDOWN(ROUNDUP($Q23/10,0)*ストレージ一般解析Quota設定のみ単価*(R23/年間日数),0)*消費税,0),IF( AND($P23=ストレージ個人ゲノムQuota設定のみ),ROUNDDOWN(ROUNDDOWN(ROUNDUP($Q23/10,0)*ストレージ個人ゲノムQuota設定のみ単価*(R23/年間日数),0)*消費税,0),IF( $D23=CPU1_,ROUNDDOWN(ROUNDDOWN(($Q23*CPU12単価*R23/30),0)*消費税,0),IF( $D23=CPU2_,ROUNDDOWN(ROUNDDOWN(($Q23*CPU13単価*R23/30),0)*消費税,0),IF( $D23=Mem1_,ROUNDDOWN(ROUNDDOWN(($Q23*Mem1単価*R23/30),0)*消費税,0),IF( $D23=Mem2_,ROUNDDOWN(ROUNDDOWN(($Q23*Mem2単価*R23/30),0)*消費税,0),IF( $D23=Acc1_,ROUNDDOWN(ROUNDDOWN(($Q23*Acc1単価*R23/30),0)*消費税,0),IF( $D23=Acc2_,ROUNDDOWN(ROUNDDOWN(($Q23*Acc2単価*R23/30),0)*消費税,0),IF( $D23=Acc3_,ROUNDDOWN(ROUNDDOWN(($Q23*Acc3単価*R23/30),0)*消費税,0),"" ) ) ) ) ) ) ) ) ) ) | V23: =IF( AND($P23=ストレージ一般解析Quota設定のみ,$Q23<=30),0,IF( AND($P23=ストレージ一般解析Quota設定のみ,$Q23>30),ROUNDDOWN(ROUNDDOWN(ROUNDUP($Q23/10,0)*ストレージ一般解析Quota設定のみ単価*(S23/年間日数),0)*消費税,0),IF( AND($P23=ストレージ個人ゲノムQuota設定のみ),ROUNDDOWN(ROUNDDOWN(ROUNDUP($Q23/10,0)*ストレージ個人ゲノムQuota設定のみ単価*(S23/年間日数),0)*消費税,0),IF( $D23=CPU1_,ROUNDDOWN(ROUNDDOWN(($Q23*CPU12単価*S23/30),0)*消費税,0),IF( $D23=CPU2_,ROUNDDOWN(ROUNDDOWN(($Q23*CPU13単価*S23/30),0)*消費税,0),IF( $D23=Mem1_,ROUNDDOWN(ROUNDDOWN(($Q23*Mem1単価*S23/30),0)*消費税,0),IF( $D23=Mem2_,ROUNDDOWN(ROUNDDOWN(($Q23*Mem2単価*S23/30),0)*消費税,0),IF( $D23=Acc1_,ROUNDDOWN(ROUNDDOWN(($Q23*Acc1単価*S23/30),0)*消費税,0),IF( $D23=Acc2_,ROUNDDOWN(ROUNDDOWN(($Q23*Acc2単価*S23/30),0)*消費税,0),IF( $D23=Acc3_,ROUNDDOWN(ROUNDDOWN(($Q23*Acc3単価*S23/30),0)*消費税,0),"" ) ) ) ) ) ) ) ) ) ) | W23: =IF( AND($P23=ストレージ一般解析Quota設定のみ,$Q23<=30),0,IF( AND($P23=ストレージ一般解析Quota設定のみ,$Q23>30),ROUNDDOWN(ROUNDDOWN(ROUNDUP($Q23/10,0)*ストレージ一般解析Quota設定のみ単価*(T23/年間日数),0)*消費税,0),IF( AND($P23=ストレージ個人ゲノムQuota設定のみ),ROUNDDOWN(ROUNDDOWN(ROUNDUP($Q23/10,0)*ストレージ個人ゲノムQuota設定のみ単価*(T23/年間日数),0)*消費税,0),IF( $D23=CPU1_,ROUNDDOWN(ROUNDDOWN(($Q23*CPU12単価*T23/30),0)*消費税,0),IF( $D23=CPU2_,ROUNDDOWN(ROUNDDOWN(($Q23*CPU13単価*T23/30),0)*消費税,0),IF( $D23=Mem1_,ROUNDDOWN(ROUNDDOWN(($Q23*Mem1単価*T23/30),0)*消費税,0),IF( $D23=Mem2_,ROUNDDOWN(ROUNDDOWN(($Q23*Mem2単価*T23/30),0)*消費税,0),IF( $D23=Acc1_,ROUNDDOWN(ROUNDDOWN(($Q23*Acc1単価*T23/30),0)*消費税,0),IF( $D23=Acc2_,ROUNDDOWN(ROUNDDOWN(($Q23*Acc2単価*T23/30),0)*消費税,0),IF( $D23=Acc3_,ROUNDDOWN(ROUNDDOWN(($Q23*Acc3単価*T23/30),0)*消費税,0),"" ) ) ) ) ) ) ) ) ) )
O24: =IF( AND(SUM(E24:N24)>0,OR(C24=Sheet1!$A$1,C24=Sheet1!$A$2)), CONCATENATE(SUM(E24:N24),"TB"), IF( AND(SUM(E24:N24)>0,OR(C24=Sheet1!$A$6,C24=Sheet1!$A$3,C24=Sheet1!$A$7,C24=Sheet1!$A$4),D24=Sheet1!$B$31), CONCATENATE(SUM(E24:N24),"台"), IF( AND( SUM(E24:N24)>0, OR(C24=Sheet1!$A$6,C24=Sheet1!$A$3,C24=Sheet1!$A$7,C24=Sheet1!$A$4,C24=Sheet1!$A$5), OR(D24=Sheet1!$B$25,D24=Sheet1!$B$26,D24=Sheet1!$B$27,D24=Sheet1!$B$28,D24=Sheet1!$B$29,D24=Sheet1!$B$30) ), CONCATENATE(SUM(E24:N24),"単位"), "" ) ) ) | P24: =C24&D24 | Q24: =SUM(E24:N24) -> 0 | R24: =IF(AND($A24<=DATE(年,4,1),$B24>=DATE(年,7,31)),DATEDIF(DATE(年,4,1),DATE(年,7,31),"d")+1,IF(AND($A24>DATE(年,4,1),$A24<=DATE(年,7,31),$B24>=DATE(年,7,31)),DATEDIF($A24,DATE(年,7,31),"d")+1,IF(AND($A24<=DATE(年,4,1),$B24>=DATE(年,4,1),$B24<=DATE(年,7,31)),DATEDIF(DATE(年,4,1),$B24,"d")+1,IF(AND($A24>=DATE(年,4,1),$A24<=DATE(年,7,31),$B24>=DATE(年,4,1),$B24<=DATE(年,7,31)),DATEDIF(A24,B24,"d")+1,0)))) -> 0 | S24: =IF(AND($A24<=DATE(年,8,1),$B24>=DATE(年,11,30)),DATEDIF(DATE(年,8,1),DATE(年,11,30),"d")+1,IF(AND($A24>DATE(年,8,1),$A24<=DATE(年,11,30),$B24>=DATE(年,11,30)),DATEDIF($A24,DATE(年,11,30),"d")+1,IF(AND($A24<=DATE(年,8,1),$B24>=DATE(年,8,1),$B24<=DATE(年,11,30)),DATEDIF(DATE(年,8,1),$B24,"d")+1,IF(AND($A24>=DATE(年,8,1),$A24<=DATE(年,11,30),$B24>=DATE(年,8,1),$B24<=DATE(年,11,30)),DATEDIF($A24,$B24,"d")+1,0)))) -> 0 | T24: =IF(AND($A24<=DATE(年,12,1),$B24>=DATE(年+1,3,31)),DATEDIF(DATE(年,12,1),DATE(年+1,3,31),"d")+1,IF(AND($A24>DATE(年,12,1),$A24<=DATE(年+1,3,31),$B24>=DATE(年+1,3,31)),DATEDIF($A24,DATE(年+1,3,31),"d")+1,IF(AND($A24<=DATE(年,12,1),$B24>=DATE(年,12,1),$B24<=DATE(年+1,3,31)),DATEDIF(DATE(年,12,1),$B24,"d")+1,IF(AND(A24>=DATE(年,12,1),$A24<=DATE(年+1,3,31),$B24>=DATE(年,12,1),$B24<=DATE(年+1,3,31)),DATEDIF($A24,$B24,"d")+1,0)))) -> 0 | U24: =IF( AND($P24=ストレージ一般解析Quota設定のみ,$Q24<=30),0,IF( AND($P24=ストレージ一般解析Quota設定のみ,$Q24>30),ROUNDDOWN(ROUNDDOWN(ROUNDUP($Q24/10,0)*ストレージ一般解析Quota設定のみ単価*(R24/年間日数),0)*消費税,0),IF( AND($P24=ストレージ個人ゲノムQuota設定のみ),ROUNDDOWN(ROUNDDOWN(ROUNDUP($Q24/10,0)*ストレージ個人ゲノムQuota設定のみ単価*(R24/年間日数),0)*消費税,0),IF( $D24=CPU1_,ROUNDDOWN(ROUNDDOWN(($Q24*CPU13単価*R24/30),0)*消費税,0),IF( $D24=CPU2_,ROUNDDOWN(ROUNDDOWN(($Q24*CPU14単価*R24/30),0)*消費税,0),IF( $D24=Mem1_,ROUNDDOWN(ROUNDDOWN(($Q24*Mem1単価*R24/30),0)*消費税,0),IF( $D24=Mem2_,ROUNDDOWN(ROUNDDOWN(($Q24*Mem2単価*R24/30),0)*消費税,0),IF( $D24=Acc1_,ROUNDDOWN(ROUNDDOWN(($Q24*Acc1単価*R24/30),0)*消費税,0),IF( $D24=Acc2_,ROUNDDOWN(ROUNDDOWN(($Q24*Acc2単価*R24/30),0)*消費税,0),IF( $D24=Acc3_,ROUNDDOWN(ROUNDDOWN(($Q24*Acc3単価*R24/30),0)*消費税,0),"" ) ) ) ) ) ) ) ) ) ) | V24: =IF( AND($P24=ストレージ一般解析Quota設定のみ,$Q24<=30),0,IF( AND($P24=ストレージ一般解析Quota設定のみ,$Q24>30),ROUNDDOWN(ROUNDDOWN(ROUNDUP($Q24/10,0)*ストレージ一般解析Quota設定のみ単価*(S24/年間日数),0)*消費税,0),IF( AND($P24=ストレージ個人ゲノムQuota設定のみ),ROUNDDOWN(ROUNDDOWN(ROUNDUP($Q24/10,0)*ストレージ個人ゲノムQuota設定のみ単価*(S24/年間日数),0)*消費税,0),IF( $D24=CPU1_,ROUNDDOWN(ROUNDDOWN(($Q24*CPU13単価*S24/30),0)*消費税,0),IF( $D24=CPU2_,ROUNDDOWN(ROUNDDOWN(($Q24*CPU14単価*S24/30),0)*消費税,0),IF( $D24=Mem1_,ROUNDDOWN(ROUNDDOWN(($Q24*Mem1単価*S24/30),0)*消費税,0),IF( $D24=Mem2_,ROUNDDOWN(ROUNDDOWN(($Q24*Mem2単価*S24/30),0)*消費税,0),IF( $D24=Acc1_,ROUNDDOWN(ROUNDDOWN(($Q24*Acc1単価*S24/30),0)*消費税,0),IF( $D24=Acc2_,ROUNDDOWN(ROUNDDOWN(($Q24*Acc2単価*S24/30),0)*消費税,0),IF( $D24=Acc3_,ROUNDDOWN(ROUNDDOWN(($Q24*Acc3単価*S24/30),0)*消費税,0),"" ) ) ) ) ) ) ) ) ) ) | W24: =IF( AND($P24=ストレージ一般解析Quota設定のみ,$Q24<=30),0,IF( AND($P24=ストレージ一般解析Quota設定のみ,$Q24>30),ROUNDDOWN(ROUNDDOWN(ROUNDUP($Q24/10,0)*ストレージ一般解析Quota設定のみ単価*(T24/年間日数),0)*消費税,0),IF( AND($P24=ストレージ個人ゲノムQuota設定のみ),ROUNDDOWN(ROUNDDOWN(ROUNDUP($Q24/10,0)*ストレージ個人ゲノムQuota設定のみ単価*(T24/年間日数),0)*消費税,0),IF( $D24=CPU1_,ROUNDDOWN(ROUNDDOWN(($Q24*CPU13単価*T24/30),0)*消費税,0),IF( $D24=CPU2_,ROUNDDOWN(ROUNDDOWN(($Q24*CPU14単価*T24/30),0)*消費税,0),IF( $D24=Mem1_,ROUNDDOWN(ROUNDDOWN(($Q24*Mem1単価*T24/30),0)*消費税,0),IF( $D24=Mem2_,ROUNDDOWN(ROUNDDOWN(($Q24*Mem2単価*T24/30),0)*消費税,0),IF( $D24=Acc1_,ROUNDDOWN(ROUNDDOWN(($Q24*Acc1単価*T24/30),0)*消費税,0),IF( $D24=Acc2_,ROUNDDOWN(ROUNDDOWN(($Q24*Acc2単価*T24/30),0)*消費税,0),IF( $D24=Acc3_,ROUNDDOWN(ROUNDDOWN(($Q24*Acc3単価*T24/30),0)*消費税,0),"" ) ) ) ) ) ) ) ) ) )
... O26: =IF( AND(SUM(E26:N26)>0,OR(C26=Sheet1!$A$1,C26=Sheet1!$A$2)), CONCATENATE(SUM(E26:N26),"TB"), IF( AND(SUM(E26:N26)>0,OR(C26=Sheet1!$A$6,C26=Sheet1!$A$3,C26=Sheet1!$A$7,C26=Sheet1!$A$4),D26=Sheet1!$B$31), CONCATENATE(SUM(E26:N26),"台"), IF( AND( SUM(E26:N26)>0, OR(C26=Sheet1!$A$6,C26=Sheet1!$A$3,C26=Sheet1!$A$7,C26=Sheet1!$A$4,C26=Sheet1!$A$5), OR(D26=Sheet1!$B$25,D26=Sheet1!$B$26,D26=Sheet1!$B$27,D26=Sheet1!$B$28,D26=Sheet1!$B$29,D26=Sheet1!$B$30) ), CONCATENATE(SUM(E26:N26),"単位"), "" ) ) ) | P26: =C26&D26 | Q26: =SUM(E26:N26) -> 0 | R26: =IF(AND($A26<=DATE(年,4,1),$B26>=DATE(年,7,31)),DATEDIF(DATE(年,4,1),DATE(年,7,31),"d")+1,IF(AND($A26>DATE(年,4,1),$A26<=DATE(年,7,31),$B26>=DATE(年,7,31)),DATEDIF($A26,DATE(年,7,31),"d")+1,IF(AND($A26<=DATE(年,4,1),$B26>=DATE(年,4,1),$B26<=DATE(年,7,31)),DATEDIF(DATE(年,4,1),$B26,"d")+1,IF(AND($A26>=DATE(年,4,1),$A26<=DATE(年,7,31),$B26>=DATE(年,4,1),$B26<=DATE(年,7,31)),DATEDIF(A26,B26,"d")+1,0)))) -> 0 | S26: =IF(AND($A26<=DATE(年,8,1),$B26>=DATE(年,11,30)),DATEDIF(DATE(年,8,1),DATE(年,11,30),"d")+1,IF(AND($A26>DATE(年,8,1),$A26<=DATE(年,11,30),$B26>=DATE(年,11,30)),DATEDIF($A26,DATE(年,11,30),"d")+1,IF(AND($A26<=DATE(年,8,1),$B26>=DATE(年,8,1),$B26<=DATE(年,11,30)),DATEDIF(DATE(年,8,1),$B26,"d")+1,IF(AND($A26>=DATE(年,8,1),$A26<=DATE(年,11,30),$B26>=DATE(年,8,1),$B26<=DATE(年,11,30)),DATEDIF($A26,$B26,"d")+1,0)))) -> 0 | T26: =IF(AND($A26<=DATE(年,12,1),$B26>=DATE(年+1,3,31)),DATEDIF(DATE(年,12,1),DATE(年+1,3,31),"d")+1,IF(AND($A26>DATE(年,12,1),$A26<=DATE(年+1,3,31),$B26>=DATE(年+1,3,31)),DATEDIF($A26,DATE(年+1,3,31),"d")+1,IF(AND($A26<=DATE(年,12,1),$B26>=DATE(年,12,1),$B26<=DATE(年+1,3,31)),DATEDIF(DATE(年,12,1),$B26,"d")+1,IF(AND(A26>=DATE(年,12,1),$A26<=DATE(年+1,3,31),$B26>=DATE(年,12,1),$B26<=DATE(年+1,3,31)),DATEDIF($A26,$B26,"d")+1,0)))) -> 0 | U26: =IF( AND($P26=ストレージ一般解析Quota設定のみ,$Q26<=30),0,IF( AND($P26=ストレージ一般解析Quota設定のみ,$Q26>30),ROUNDDOWN(ROUNDDOWN(ROUNDUP($Q26/10,0)*ストレージ一般解析Quota設定のみ単価*(R26/年間日数),0)*消費税,0),IF( AND($P26=ストレージ個人ゲノムQuota設定のみ),ROUNDDOWN(ROUNDDOWN(ROUNDUP($Q26/10,0)*ストレージ個人ゲノムQuota設定のみ単価*(R26/年間日数),0)*消費税,0),IF( $D26=CPU1_,ROUNDDOWN(ROUNDDOWN(($Q26*CPU15単価*R26/30),0)*消費税,0),IF( $D26=CPU2_,ROUNDDOWN(ROUNDDOWN(($Q26*CPU16単価*R26/30),0)*消費税,0),IF( $D26=Mem1_,ROUNDDOWN(ROUNDDOWN(($Q26*Mem1単価*R26/30),0)*消費税,0),IF( $D26=Mem2_,ROUNDDOWN(ROUNDDOWN(($Q26*Mem2単価*R26/30),0)*消費税,0),IF( $D26=Acc1_,ROUNDDOWN(ROUNDDOWN(($Q26*Acc1単価*R26/30),0)*消費税,0),IF( $D26=Acc2_,ROUNDDOWN(ROUNDDOWN(($Q26*Acc2単価*R26/30),0)*消費税,0),IF( $D26=Acc3_,ROUNDDOWN(ROUNDDOWN(($Q26*Acc3単価*R26/30),0)*消費税,0),"" ) ) ) ) ) ) ) ) ) ) | V26: =IF( AND($P26=ストレージ一般解析Quota設定のみ,$Q26<=30),0,IF( AND($P26=ストレージ一般解析Quota設定のみ,$Q26>30),ROUNDDOWN(ROUNDDOWN(ROUNDUP($Q26/10,0)*ストレージ一般解析Quota設定のみ単価*(S26/年間日数),0)*消費税,0),IF( AND($P26=ストレージ個人ゲノムQuota設定のみ),ROUNDDOWN(ROUNDDOWN(ROUNDUP($Q26/10,0)*ストレージ個人ゲノムQuota設定のみ単価*(S26/年間日数),0)*消費税,0),IF( $D26=CPU1_,ROUNDDOWN(ROUNDDOWN(($Q26*CPU15単価*S26/30),0)*消費税,0),IF( $D26=CPU2_,ROUNDDOWN(ROUNDDOWN(($Q26*CPU16単価*S26/30),0)*消費税,0),IF( $D26=Mem1_,ROUNDDOWN(ROUNDDOWN(($Q26*Mem1単価*S26/30),0)*消費税,0),IF( $D26=Mem2_,ROUNDDOWN(ROUNDDOWN(($Q26*Mem2単価*S26/30),0)*消費税,0),IF( $D26=Acc1_,ROUNDDOWN(ROUNDDOWN(($Q26*Acc1単価*S26/30),0)*消費税,0),IF( $D26=Acc2_,ROUNDDOWN(ROUNDDOWN(($Q26*Acc2単価*S26/30),0)*消費税,0),IF( $D26=Acc3_,ROUNDDOWN(ROUNDDOWN(($Q26*Acc3単価*S26/30),0)*消費税,0),"" ) ) ) ) ) ) ) ) ) ) | W26: =IF( AND($P26=ストレージ一般解析Quota設定のみ,$Q26<=30),0,IF( AND($P26=ストレージ一般解析Quota設定のみ,$Q26>30),ROUNDDOWN(ROUNDDOWN(ROUNDUP($Q26/10,0)*ストレージ一般解析Quota設定のみ単価*(T26/年間日数),0)*消費税,0),IF( AND($P26=ストレージ個人ゲノムQuota設定のみ),ROUNDDOWN(ROUNDDOWN(ROUNDUP($Q26/10,0)*ストレージ個人ゲノムQuota設定のみ単価*(T26/年間日数),0)*消費税,0),IF( $D26=CPU1_,ROUNDDOWN(ROUNDDOWN(($Q26*CPU15単価*T26/30),0)*消費税,0),IF( $D26=CPU2_,ROUNDDOWN(ROUNDDOWN(($Q26*CPU16単価*T26/30),0)*消費税,0),IF( $D26=Mem1_,ROUNDDOWN(ROUNDDOWN(($Q26*Mem1単価*T26/30),0)*消費税,0),IF( $D26=Mem2_,ROUNDDOWN(ROUNDDOWN(($Q26*Mem2単価*T26/30),0)*消費税,0),IF( $D26=Acc1_,ROUNDDOWN(ROUNDDOWN(($Q26*Acc1単価*T26/30),0)*消費税,0),IF( $D26=Acc2_,ROUNDDOWN(ROUNDDOWN(($Q26*Acc2単価*T26/30),0)*消費税,0),IF( $D26=Acc3_,ROUNDDOWN(ROUNDDOWN(($Q26*Acc3単価*T26/30),0)*消費税,0),"" ) ) ) ) ) ) ) ) ) )
A27: 計算ノード優先利用_一般解析区画 料金合計 | U27: =SUMIFS(U12:U26,$C12:$C26,Sheet1!$A$6) -> 0 | V27: =SUMIFS(V12:V26,$C12:$C26,Sheet1!$A$6) -> 0 | W27: =SUMIFS(W12:W26,$C12:$C26,Sheet1!$A$6) -> 0
A28: 計算ノード占有利用_一般解析区画 料金合計 | U28: =SUMIFS(U12:U26,$C12:$C26,Sheet1!$A$3) -> 0 | V28: =SUMIFS(V12:V26,$C12:$C26,Sheet1!$A$3) -> 0 | W28: =SUMIFS(W12:W26,$C12:$C26,Sheet1!$A$3) -> 0
A29: 計算ノード優先利用_個人ゲノム区画 料金合計 | U29: =SUMIFS(U12:U26,$C12:$C26,Sheet1!$A$7) -> 0 | V29: =SUMIFS(V12:V26,$C12:$C26,Sheet1!$A$7) -> 0 | W29: =SUMIFS(W12:W26,$C12:$C26,Sheet1!$A$7) -> 0
A30: 計算ノード占有利用_個人ゲノム区画 料金合計 | U30: =SUMIFS(U12:U26,$C12:$C26,Sheet1!$A$4) -> 0 | V30: =SUMIFS(V12:V26,$C12:$C26,Sheet1!$A$4) -> 0 | W30: =SUMIFS(W12:W26,$C12:$C26,Sheet1!$A$4) -> 0
A31: 計算ノードGPU専用Slurm_個人ゲノム区画 料金合計 | U31: =SUMIFS(U12:U26,$C12:$C26,Sheet1!$A$5) -> 0 | V31: =SUMIFS(V12:V26,$C12:$C26,Sheet1!$A$5) -> 0 | W31: =SUMIFS(W12:W26,$C12:$C26,Sheet1!$A$5) -> 0
A32: ストレージ大規模利用_一般解析区画 - Quota設定のみ 料金合計 | U32: =SUMIFS(U12:U26,$C12:$C26,Sheet1!$A$1,$D12:$D26,Sheet1!$B$1) -> 0 | V32: =SUMIFS(V12:V26,$C12:$C26,Sheet1!$A$1,$D12:$D26,Sheet1!$B$1) -> 0 | W32: =SUMIFS(W12:W26,$C12:$C26,Sheet1!$A$1,$D12:$D26,Sheet1!$B$1) -> 0
A33: ストレージ大規模利用_個人ゲノム区画 - Quota設定のみ 料金合計 | U33: =SUMIFS(U12:U26,$C12:$C26,Sheet1!$A$2,$D12:$D26,Sheet1!$B$2) -> 0 | V33: =SUMIFS(V12:V26,$C12:$C26,Sheet1!$A$2,$D12:$D26,Sheet1!$B$2) -> 0 | W33: =SUMIFS(W12:W26,$C12:$C26,Sheet1!$A$2,$D12:$D26,Sheet1!$B$2) -> 0
A34: グループクラウド基本料金 | U34: 0 | V34: 0 | W34: 0
A35: 料金合計 | U35: =SUM(U27:U34) -> 0 | V35: =SUM(V27:V34) -> 0 | W35: =SUM(W27:W34) -> 0
U36: 年間総合計 | W36: =SUM(U35:W35) -> 0

Sheet 記入例(普通版)
A1: 2026 | B1: 料金試算表
A2: 一般解析区画を利用し、ストレージ利用量が責任者あたりの合計で30TB以下の場合は無料となります。
A4: 申請日： 2026/03/31
A5: 責任者名： 鈴木太郎
A6: 責任者アカウント： taro
A7: 責任者所属： 国立遺伝学研究所
A8: 開始日 | B8: 終了日 | C8: サービス | D8: 種別 | E8: アカウント名またはグループ名 | O8: リソース量合計 | P8: サービス種別 | Q8: リソース量合計 | R8: 第一期日数 | S8: 第二期日数 | T8: 第三期日数 | U8: 第一期料金 (消費税抜き) | V8: 第二期料金 (消費税抜き) | W8: 第三期料金 (消費税抜き) | X8: 合計
E9: 氏名
E10: taro | F10: jiro | G10: santaro
E11: 鈴木太郎 | F11: 佐藤次郎 | G11: 斎藤三郎
A12: 46113 | B12: 46295 | C12: ストレージ大規模利用_一般解析区画 | D12: Quota設定のみ | E12: 20 | F12: 40 | G12: 30 | O12: =IF( AND(SUM(E12:N12)>0,OR(C12=Sheet1!$A$1,C12=Sheet1!$A$2)), CONCATENATE(SUM(E12:N12),"TB"), IF( AND(SUM(E12:N12)>0,OR(C12=Sheet1!$A$6,C12=Sheet1!$A$3,C12=Sheet1!$A$7,C12=Sheet1!$A$4),D12=Sheet1!$H$6), CONCATENATE(SUM(E12:N12),"台"), IF( AND( SUM(E12:N12)>0, OR(C12=Sheet1!$A$6,C12=Sheet1!$A$3,C12=Sheet1!$A$7,C12=Sheet1!$A$4,C12=Sheet1!$A$5), OR(D12=Sheet1!$B$6,D12=Sheet1!$C$6,D12=Sheet1!$D$6,D12=Sheet1!$E$6,D12=Sheet1!$F$6,D12=Sheet1!$G$6) ), CONCATENATE(SUM(E12:N12),"単位"), "" ) ) ) -> 90TB | P12: =C12&D12 -> ストレージ大規模利用_一般解析区画Quota設定のみ | Q12: =SUM(E12:N12) -> 90 | R12: =IF(AND($A12<=DATE(年,4,1),$B12>=DATE(年,7,31)),DATEDIF(DATE(年,4,1),DATE(年,7,31),"d")+1,IF(AND($A12>DATE(年,4,1),$A12<=DATE(年,7,31),$B12>=DATE(年,7,31)),DATEDIF($A12,DATE(年,7,31),"d")+1,IF(AND($A12<=DATE(年,4,1),$B12>=DATE(年,4,1),$B12<=DATE(年,7,31)),DATEDIF(DATE(年,4,1),$B12,"d")+1,IF(AND($A12>=DATE(年,4,1),$A12<=DATE(年,7,31),$B12>=DATE(年,4,1),$B12<=DATE(年,7,31)),DATEDIF(A12,B12,"d")+1,0)))) -> 122 | S12: =IF(AND($A12<=DATE(年,8,1),$B12>=DATE(年,11,30)),DATEDIF(DATE(年,8,1),DATE(年,11,30),"d")+1,IF(AND($A12>DATE(年,8,1),$A12<=DATE(年,11,30),$B12>=DATE(年,11,30)),DATEDIF($A12,DATE(年,11,30),"d")+1,IF(AND($A12<=DATE(年,8,1),$B12>=DATE(年,8,1),$B12<=DATE(年,11,30)),DATEDIF(DATE(年,8,1),$B12,"d")+1,IF(AND($A12>=DATE(年,8,1),$A12<=DATE(年,11,30),$B12>=DATE(年,8,1),$B12<=DATE(年,11,30)),DATEDIF($A12,$B12,"d")+1,0)))) -> 61 | T12: =IF(AND($A12<=DATE(年,12,1),$B12>=DATE(年+1,3,31)),DATEDIF(DATE(年,12,1),DATE(年+1,3,31),"d")+1,IF(AND($A12>DATE(年,12,1),$A12<=DATE(年+1,3,31),$B12>=DATE(年+1,3,31)),DATEDIF($A12,DATE(年+1,3,31),"d")+1,IF(AND($A12<=DATE(年,12,1),$B12>=DATE(年,12,1),$B12<=DATE(年+1,3,31)),DATEDIF(DATE(年,12,1),$B12,"d")+1,IF(AND(A12>=DATE(年,12,1),$A12<=DATE(年+1,3,31),$B12>=DATE(年,12,1),$B12<=DATE(年+1,3,31)),DATEDIF($A12,$B12,"d")+1,0)))) -> 0 | U12: =IF( AND($P12=ストレージ一般解析Quota設定のみ,$Q12<=30),0,IF( AND($P12=ストレージ一般解析Quota設定のみ,$Q12>30),ROUNDDOWN(ROUNDUP($Q12/10,0)*ストレージ一般解析Quota設定のみ単価*(R12/年間日数),0),IF( AND($P12=ストレージ個人ゲノムQuota設定のみ),ROUNDDOWN(ROUNDUP($Q12/10,0)*ストレージ個人ゲノムQuota設定のみ単価*(R12/年間日数),0),IF( $D12=CPU1_,ROUNDDOWN(($Q12*CPU1単価*R12/30),0),IF( $D12=CPU2_,ROUNDDOWN(($Q12*CPU2単価*R12/30),0),IF( $D12=Mem1_,ROUNDDOWN(($Q12*Mem1単価*R12/30),0),IF( $D12=Mem2_,ROUNDDOWN(($Q12*Mem2単価*R12/30),0),IF( $D12=Acc1_,ROUNDDOWN(($Q12*Acc1単価*R12/30),0),IF( $D12=Acc2_,ROUNDDOWN(($Q12*Acc2単価*R12/30),0),IF( $D12=Acc3_,ROUNDDOWN(($Q12*Acc3単価*R12/30),0),"" ) ) ) ) ) ) ) ) ) ) -> 120328 | V12: =IF( AND($P12=ストレージ一般解析Quota設定のみ,$Q12<=30),0,IF( AND($P12=ストレージ一般解析Quota設定のみ,$Q12>30),ROUNDDOWN(ROUNDUP($Q12/10,0)*ストレージ一般解析Quota設定のみ単価*(S12/年間日数),0),IF( AND($P12=ストレージ個人ゲノムQuota設定のみ),ROUNDDOWN(ROUNDUP($Q12/10,0)*ストレージ個人ゲノムQuota設定のみ単価*(S12/年間日数),0),IF( $D12=CPU1_,ROUNDDOWN(($Q12*CPV1単価*S12/30),0),IF( $D12=CPU2_,ROUNDDOWN(($Q12*CPV2単価*S12/30),0),IF( $D12=Mem1_,ROUNDDOWN(($Q12*Mem1単価*S12/30),0),IF( $D12=Mem2_,ROUNDDOWN(($Q12*Mem2単価*S12/30),0),IF( $D12=Acc1_,ROUNDDOWN(($Q12*Acc1単価*S12/30),0),IF( $D12=Acc2_,ROUNDDOWN(($Q12*Acc2単価*S12/30),0),IF( $D12=Acc3_,ROUNDDOWN(($Q12*Acc3単価*S12/30),0),"" ) ) ) ) ) ) ) ) ) ) -> 60164 | W12: =IF( AND($P12=ストレージ一般解析Quota設定のみ,$Q12<=30),0,IF( AND($P12=ストレージ一般解析Quota設定のみ,$Q12>30),ROUNDDOWN(ROUNDUP($Q12/10,0)*ストレージ一般解析Quota設定のみ単価*(T12/年間日数),0),IF( AND($P12=ストレージ個人ゲノムQuota設定のみ),ROUNDDOWN(ROUNDUP($Q12/10,0)*ストレージ個人ゲノムQuota設定のみ単価*(T12/年間日数),0),IF( $D12=CPU1_,ROUNDDOWN(($Q12*CPW1単価*T12/30),0),IF( $D12=CPU2_,ROUNDDOWN(($Q12*CPW2単価*T12/30),0),IF( $D12=Mem1_,ROUNDDOWN(($Q12*Mem1単価*T12/30),0),IF( $D12=Mem2_,ROUNDDOWN(($Q12*Mem2単価*T12/30),0),IF( $D12=Acc1_,ROUNDDOWN(($Q12*Acc1単価*T12/30),0),IF( $D12=Acc2_,ROUNDDOWN(($Q12*Acc2単価*T12/30),0),IF( $D12=Acc3_,ROUNDDOWN(($Q12*Acc3単価*T12/30),0),"" ) ) ) ) ) ) ) ) ) ) -> 0 | X12: =IF(O12="","",SUM(U12:W12)) -> 180492
A13: 46296 | B13: 46477 | C13: ストレージ大規模利用_一般解析区画 | D13: Quota設定のみ | E13: 20 | F13: 30 | G13: 40 | O13: =IF( AND(SUM(E13:N13)>0,OR(C13=Sheet1!$A$1,C13=Sheet1!$A$2)), CONCATENATE(SUM(E13:N13),"TB"), IF( AND(SUM(E13:N13)>0,OR(C13=Sheet1!$A$6,C13=Sheet1!$A$3,C13=Sheet1!$A$7,C13=Sheet1!$A$4),D13=Sheet1!$H$6), CONCATENATE(SUM(E13:N13),"台"), IF( AND( SUM(E13:N13)>0, OR(C13=Sheet1!$A$6,C13=Sheet1!$A$3,C13=Sheet1!$A$7,C13=Sheet1!$A$4,C13=Sheet1!$A$5), OR(D13=Sheet1!$B$6,D13=Sheet1!$C$6,D13=Sheet1!$D$6,D13=Sheet1!$E$6,D13=Sheet1!$F$6,D13=Sheet1!$G$6) ), CONCATENATE(SUM(E13:N13),"単位"), "" ) ) ) -> 90TB | P13: =C13&D13 -> ストレージ大規模利用_一般解析区画Quota設定のみ | Q13: =SUM(E13:N13) -> 90 | R13: =IF(AND($A13<=DATE(年,4,1),$B13>=DATE(年,7,31)),DATEDIF(DATE(年,4,1),DATE(年,7,31),"d")+1,IF(AND($A13>DATE(年,4,1),$A13<=DATE(年,7,31),$B13>=DATE(年,7,31)),DATEDIF($A13,DATE(年,7,31),"d")+1,IF(AND($A13<=DATE(年,4,1),$B13>=DATE(年,4,1),$B13<=DATE(年,7,31)),DATEDIF(DATE(年,4,1),$B13,"d")+1,IF(AND($A13>=DATE(年,4,1),$A13<=DATE(年,7,31),$B13>=DATE(年,4,1),$B13<=DATE(年,7,31)),DATEDIF(A13,B13,"d")+1,0)))) -> 0 | S13: =IF(AND($A13<=DATE(年,8,1),$B13>=DATE(年,11,30)),DATEDIF(DATE(年,8,1),DATE(年,11,30),"d")+1,IF(AND($A13>DATE(年,8,1),$A13<=DATE(年,11,30),$B13>=DATE(年,11,30)),DATEDIF($A13,DATE(年,11,30),"d")+1,IF(AND($A13<=DATE(年,8,1),$B13>=DATE(年,8,1),$B13<=DATE(年,11,30)),DATEDIF(DATE(年,8,1),$B13,"d")+1,IF(AND($A13>=DATE(年,8,1),$A13<=DATE(年,11,30),$B13>=DATE(年,8,1),$B13<=DATE(年,11,30)),DATEDIF($A13,$B13,"d")+1,0)))) -> 61 | T13: =IF(AND($A13<=DATE(年,12,1),$B13>=DATE(年+1,3,31)),DATEDIF(DATE(年,12,1),DATE(年+1,3,31),"d")+1,IF(AND($A13>DATE(年,12,1),$A13<=DATE(年+1,3,31),$B13>=DATE(年+1,3,31)),DATEDIF($A13,DATE(年+1,3,31),"d")+1,IF(AND($A13<=DATE(年,12,1),$B13>=DATE(年,12,1),$B13<=DATE(年+1,3,31)),DATEDIF(DATE(年,12,1),$B13,"d")+1,IF(AND(A13>=DATE(年,12,1),$A13<=DATE(年+1,3,31),$B13>=DATE(年,12,1),$B13<=DATE(年+1,3,31)),DATEDIF($A13,$B13,"d")+1,0)))) -> 121 | U13: =IF( AND($P13=ストレージ一般解析Quota設定のみ,$Q13<=30),0,IF( AND($P13=ストレージ一般解析Quota設定のみ,$Q13>30),ROUNDDOWN(ROUNDUP($Q13/10,0)*ストレージ一般解析Quota設定のみ単価*(R13/年間日数),0),IF( AND($P13=ストレージ個人ゲノムQuota設定のみ),ROUNDDOWN(ROUNDUP($Q13/10,0)*ストレージ個人ゲノムQuota設定のみ単価*(R13/年間日数),0),IF( $D13=CPU1_,ROUNDDOWN(($Q13*CPU1単価*R13/30),0),IF( $D13=CPU2_,ROUNDDOWN(($Q13*CPU2単価*R13/30),0),IF( $D13=Mem1_,ROUNDDOWN(($Q13*Mem1単価*R13/30),0),IF( $D13=Mem2_,ROUNDDOWN(($Q13*Mem2単価*R13/30),0),IF( $D13=Acc1_,ROUNDDOWN(($Q13*Acc1単価*R13/30),0),IF( $D13=Acc2_,ROUNDDOWN(($Q13*Acc2単価*R13/30),0),IF( $D13=Acc3_,ROUNDDOWN(($Q13*Acc3単価*R13/30),0),"" ) ) ) ) ) ) ) ) ) ) -> 0 | V13: =IF( AND($P13=ストレージ一般解析Quota設定のみ,$Q13<=30),0,IF( AND($P13=ストレージ一般解析Quota設定のみ,$Q13>30),ROUNDDOWN(ROUNDUP($Q13/10,0)*ストレージ一般解析Quota設定のみ単価*(S13/年間日数),0),IF( AND($P13=ストレージ個人ゲノムQuota設定のみ),ROUNDDOWN(ROUNDUP($Q13/10,0)*ストレージ個人ゲノムQuota設定のみ単価*(S13/年間日数),0),IF( $D13=CPU1_,ROUNDDOWN(($Q13*CPU1単価*S13/30),0),IF( $D13=CPU2_,ROUNDDOWN(($Q13*CPU2単価*S13/30),0),IF( $D13=Mem1_,ROUNDDOWN(($Q13*Mem1単価*S13/30),0),IF( $D13=Mem2_,ROUNDDOWN(($Q13*Mem2単価*S13/30),0),IF( $D13=Acc1_,ROUNDDOWN(($Q13*Acc1単価*S13/30),0),IF( $D13=Acc2_,ROUNDDOWN(($Q13*Acc2単価*S13/30),0),IF( $D13=Acc3_,ROUNDDOWN(($Q13*Acc3単価*S13/30),0),"" ) ) ) ) ) ) ) ) ) ) -> 60164 | W13: =IF( AND($P13=ストレージ一般解析Quota設定のみ,$Q13<=30),0,IF( AND($P13=ストレージ一般解析Quota設定のみ,$Q13>30),ROUNDDOWN(ROUNDUP($Q13/10,0)*ストレージ一般解析Quota設定のみ単価*(T13/年間日数),0),IF( AND($P13=ストレージ個人ゲノムQuota設定のみ),ROUNDDOWN(ROUNDUP($Q13/10,0)*ストレージ個人ゲノムQuota設定のみ単価*(T13/年間日数),0),IF( $D13=CPU1_,ROUNDDOWN(($Q13*CPU1単価*T13/30),0),IF( $D13=CPU2_,ROUNDDOWN(($Q13*CPU2単価*T13/30),0),IF( $D13=Mem1_,ROUNDDOWN(($Q13*Mem1単価*T13/30),0),IF( $D13=Mem2_,ROUNDDOWN(($Q13*Mem2単価*T13/30),0),IF( $D13=Acc1_,ROUNDDOWN(($Q13*Acc1単価*T13/30),0),IF( $D13=Acc2_,ROUNDDOWN(($Q13*Acc2単価*T13/30),0),IF( $D13=Acc3_,ROUNDDOWN(($Q13*Acc3単価*T13/30),0),"" ) ) ) ) ) ) ) ) ) ) -> 119342 | X13: =IF(O13="","",SUM(U13:W13)) -> 179506
A14: 46113 | B14: 46295 | C14: ストレージ大規模利用_個人ゲノム区画 | D14: Quota設定のみ | E14: 20 | F14: 30 | G14: 40 | O14: =IF( AND(SUM(E14:N14)>0,OR(C14=Sheet1!$A$1,C14=Sheet1!$A$2)), CONCATENATE(SUM(E14:N14),"TB"), IF( AND(SUM(E14:N14)>0,OR(C14=Sheet1!$A$6,C14=Sheet1!$A$3,C14=Sheet1!$A$7,C14=Sheet1!$A$4),D14=Sheet1!$H$6), CONCATENATE(SUM(E14:N14),"台"), IF( AND( SUM(E14:N14)>0, OR(C14=Sheet1!$A$6,C14=Sheet1!$A$3,C14=Sheet1!$A$7,C14=Sheet1!$A$4,C14=Sheet1!$A$5), OR(D14=Sheet1!$B$6,D14=Sheet1!$C$6,D14=Sheet1!$D$6,D14=Sheet1!$E$6,D14=Sheet1!$F$6,D14=Sheet1!$G$6) ), CONCATENATE(SUM(E14:N14),"単位"), "" ) ) ) -> 90TB | P14: =C14&D14 -> ストレージ大規模利用_個人ゲノム区画Quota設定のみ | Q14: =SUM(E14:N14) -> 90 | R14: =IF(AND($A14<=DATE(年,4,1),$B14>=DATE(年,7,31)),DATEDIF(DATE(年,4,1),DATE(年,7,31),"d")+1,IF(AND($A14>DATE(年,4,1),$A14<=DATE(年,7,31),$B14>=DATE(年,7,31)),DATEDIF($A14,DATE(年,7,31),"d")+1,IF(AND($A14<=DATE(年,4,1),$B14>=DATE(年,4,1),$B14<=DATE(年,7,31)),DATEDIF(DATE(年,4,1),$B14,"d")+1,IF(AND($A14>=DATE(年,4,1),$A14<=DATE(年,7,31),$B14>=DATE(年,4,1),$B14<=DATE(年,7,31)),DATEDIF(A14,B14,"d")+1,0)))) -> 122 | S14: =IF(AND($A14<=DATE(年,8,1),$B14>=DATE(年,11,30)),DATEDIF(DATE(年,8,1),DATE(年,11,30),"d")+1,IF(AND($A14>DATE(年,8,1),$A14<=DATE(年,11,30),$B14>=DATE(年,11,30)),DATEDIF($A14,DATE(年,11,30),"d")+1,IF(AND($A14<=DATE(年,8,1),$B14>=DATE(年,8,1),$B14<=DATE(年,11,30)),DATEDIF(DATE(年,8,1),$B14,"d")+1,IF(AND($A14>=DATE(年,8,1),$A14<=DATE(年,11,30),$B14>=DATE(年,8,1),$B14<=DATE(年,11,30)),DATEDIF($A14,$B14,"d")+1,0)))) -> 61 | T14: =IF(AND($A14<=DATE(年,12,1),$B14>=DATE(年+1,3,31)),DATEDIF(DATE(年,12,1),DATE(年+1,3,31),"d")+1,IF(AND($A14>DATE(年,12,1),$A14<=DATE(年+1,3,31),$B14>=DATE(年+1,3,31)),DATEDIF($A14,DATE(年+1,3,31),"d")+1,IF(AND($A14<=DATE(年,12,1),$B14>=DATE(年,12,1),$B14<=DATE(年+1,3,31)),DATEDIF(DATE(年,12,1),$B14,"d")+1,IF(AND(A14>=DATE(年,12,1),$A14<=DATE(年+1,3,31),$B14>=DATE(年,12,1),$B14<=DATE(年+1,3,31)),DATEDIF($A14,$B14,"d")+1,0)))) -> 0 | U14: =IF( AND($P14=ストレージ一般解析Quota設定のみ,$Q14<=30),0,IF( AND($P14=ストレージ一般解析Quota設定のみ,$Q14>30),ROUNDDOWN(ROUNDUP($Q14/10,0)*ストレージ一般解析Quota設定のみ単価*(R14/年間日数),0),IF( AND($P14=ストレージ個人ゲノムQuota設定のみ),ROUNDDOWN(ROUNDUP($Q14/10,0)*ストレージ個人ゲノムQuota設定のみ単価*(R14/年間日数),0),IF( $D14=CPU1_,ROUNDDOWN(($Q14*CPU2単価*R14/30),0),IF( $D14=CPU2_,ROUNDDOWN(($Q14*CPU3単価*R14/30),0),IF( $D14=Mem1_,ROUNDDOWN(($Q14*Mem1単価*R14/30),0),IF( $D14=Mem2_,ROUNDDOWN(($Q14*Mem2単価*R14/30),0),IF( $D14=Acc1_,ROUNDDOWN(($Q14*Acc1単価*R14/30),0),IF( $D14=Acc2_,ROUNDDOWN(($Q14*Acc2単価*R14/30),0),IF( $D14=Acc3_,ROUNDDOWN(($Q14*Acc3単価*R14/30),0),"" ) ) ) ) ) ) ) ) ) ) -> 120328 | V14: =IF( AND($P14=ストレージ一般解析Quota設定のみ,$Q14<=30),0,IF( AND($P14=ストレージ一般解析Quota設定のみ,$Q14>30),ROUNDDOWN(ROUNDUP($Q14/10,0)*ストレージ一般解析Quota設定のみ単価*(S14/年間日数),0),IF( AND($P14=ストレージ個人ゲノムQuota設定のみ),ROUNDDOWN(ROUNDUP($Q14/10,0)*ストレージ個人ゲノムQuota設定のみ単価*(S14/年間日数),0),IF( $D14=CPU1_,ROUNDDOWN(($Q14*CPU2単価*S14/30),0),IF( $D14=CPU2_,ROUNDDOWN(($Q14*CPU3単価*S14/30),0),IF( $D14=Mem1_,ROUNDDOWN(($Q14*Mem1単価*S14/30),0),IF( $D14=Mem2_,ROUNDDOWN(($Q14*Mem2単価*S14/30),0),IF( $D14=Acc1_,ROUNDDOWN(($Q14*Acc1単価*S14/30),0),IF( $D14=Acc2_,ROUNDDOWN(($Q14*Acc2単価*S14/30),0),IF( $D14=Acc3_,ROUNDDOWN(($Q14*Acc3単価*S14/30),0),"" ) ) ) ) ) ) ) ) ) ) -> 60164 | W14: =IF( AND($P14=ストレージ一般解析Quota設定のみ,$Q14<=30),0,IF( AND($P14=ストレージ一般解析Quota設定のみ,$Q14>30),ROUNDDOWN(ROUNDUP($Q14/10,0)*ストレージ一般解析Quota設定のみ単価*(T14/年間日数),0),IF( AND($P14=ストレージ個人ゲノムQuota設定のみ),ROUNDDOWN(ROUNDUP($Q14/10,0)*ストレージ個人ゲノムQuota設定のみ単価*(T14/年間日数),0),IF( $D14=CPU1_,ROUNDDOWN(($Q14*CPU2単価*T14/30),0),IF( $D14=CPU2_,ROUNDDOWN(($Q14*CPU3単価*T14/30),0),IF( $D14=Mem1_,ROUNDDOWN(($Q14*Mem1単価*T14/30),0),IF( $D14=Mem2_,ROUNDDOWN(($Q14*Mem2単価*T14/30),0),IF( $D14=Acc1_,ROUNDDOWN(($Q14*Acc1単価*T14/30),0),IF( $D14=Acc2_,ROUNDDOWN(($Q14*Acc2単価*T14/30),0),IF( $D14=Acc3_,ROUNDDOWN(($Q14*Acc3単価*T14/30),0),"" ) ) ) ) ) ) ) ) ) ) -> 0 | X14: =IF(O14="","",SUM(U14:W14)) -> 180492
A15: 46296 | B15: 46326 | C15: ストレージ大規模利用_個人ゲノム区画 | D15: Quota設定のみ | E15: 20 | F15: 40 | G15: 40 | O15: =IF( AND(SUM(E15:N15)>0,OR(C15=Sheet1!$A$1,C15=Sheet1!$A$2)), CONCATENATE(SUM(E15:N15),"TB"), IF( AND(SUM(E15:N15)>0,OR(C15=Sheet1!$A$6,C15=Sheet1!$A$3,C15=Sheet1!$A$7,C15=Sheet1!$A$4),D15=Sheet1!$H$6), CONCATENATE(SUM(E15:N15),"台"), IF( AND( SUM(E15:N15)>0, OR(C15=Sheet1!$A$6,C15=Sheet1!$A$3,C15=Sheet1!$A$7,C15=Sheet1!$A$4,C15=Sheet1!$A$5), OR(D15=Sheet1!$B$6,D15=Sheet1!$C$6,D15=Sheet1!$D$6,D15=Sheet1!$E$6,D15=Sheet1!$F$6,D15=Sheet1!$G$6) ), CONCATENATE(SUM(E15:N15),"単位"), "" ) ) ) -> 100TB | P15: =C15&D15 -> ストレージ大規模利用_個人ゲノム区画Quota設定のみ | Q15: =SUM(E15:N15) -> 100 | R15: =IF(AND($A15<=DATE(年,4,1),$B15>=DATE(年,7,31)),DATEDIF(DATE(年,4,1),DATE(年,7,31),"d")+1,IF(AND($A15>DATE(年,4,1),$A15<=DATE(年,7,31),$B15>=DATE(年,7,31)),DATEDIF($A15,DATE(年,7,31),"d")+1,IF(AND($A15<=DATE(年,4,1),$B15>=DATE(年,4,1),$B15<=DATE(年,7,31)),DATEDIF(DATE(年,4,1),$B15,"d")+1,IF(AND($A15>=DATE(年,4,1),$A15<=DATE(年,7,31),$B15>=DATE(年,4,1),$B15<=DATE(年,7,31)),DATEDIF(A15,B15,"d")+1,0)))) -> 0 | S15: =IF(AND($A15<=DATE(年,8,1),$B15>=DATE(年,11,30)),DATEDIF(DATE(年,8,1),DATE(年,11,30),"d")+1,IF(AND($A15>DATE(年,8,1),$A15<=DATE(年,11,30),$B15>=DATE(年,11,30)),DATEDIF($A15,DATE(年,11,30),"d")+1,IF(AND($A15<=DATE(年,8,1),$B15>=DATE(年,8,1),$B15<=DATE(年,11,30)),DATEDIF(DATE(年,8,1),$B15,"d")+1,IF(AND($A15>=DATE(年,8,1),$A15<=DATE(年,11,30),$B15>=DATE(年,8,1),$B15<=DATE(年,11,30)),DATEDIF($A15,$B15,"d")+1,0)))) -> 31 | T15: =IF(AND($A15<=DATE(年,12,1),$B15>=DATE(年+1,3,31)),DATEDIF(DATE(年,12,1),DATE(年+1,3,31),"d")+1,IF(AND($A15>DATE(年,12,1),$A15<=DATE(年+1,3,31),$B15>=DATE(年+1,3,31)),DATEDIF($A15,DATE(年+1,3,31),"d")+1,IF(AND($A15<=DATE(年,12,1),$B15>=DATE(年,12,1),$B15<=DATE(年+1,3,31)),DATEDIF(DATE(年,12,1),$B15,"d")+1,IF(AND(A15>=DATE(年,12,1),$A15<=DATE(年+1,3,31),$B15>=DATE(年,12,1),$B15<=DATE(年+1,3,31)),DATEDIF($A15,$B15,"d")+1,0)))) -> 0 | U15: =IF( AND($P15=ストレージ一般解析Quota設定のみ,$Q15<=30),0,IF( AND($P15=ストレージ一般解析Quota設定のみ,$Q15>30),ROUNDDOWN(ROUNDUP($Q15/10,0)*ストレージ一般解析Quota設定のみ単価*(R15/年間日数),0),IF( AND($P15=ストレージ個人ゲノムQuota設定のみ),ROUNDDOWN(ROUNDUP($Q15/10,0)*ストレージ個人ゲノムQuota設定のみ単価*(R15/年間日数),0),IF( $D15=CPU1_,ROUNDDOWN(($Q15*CPU3単価*R15/30),0),IF( $D15=CPU2_,ROUNDDOWN(($Q15*CPU4単価*R15/30),0),IF( $D15=Mem1_,ROUNDDOWN(($Q15*Mem1単価*R15/30),0),IF( $D15=Mem2_,ROUNDDOWN(($Q15*Mem2単価*R15/30),0),IF( $D15=Acc1_,ROUNDDOWN(($Q15*Acc1単価*R15/30),0),IF( $D15=Acc2_,ROUNDDOWN(($Q15*Acc2単価*R15/30),0),IF( $D15=Acc3_,ROUNDDOWN(($Q15*Acc3単価*R15/30),0),"" ) ) ) ) ) ) ) ) ) ) -> 0 | V15: =IF( AND($P15=ストレージ一般解析Quota設定のみ,$Q15<=30),0,IF( AND($P15=ストレージ一般解析Quota設定のみ,$Q15>30),ROUNDDOWN(ROUNDUP($Q15/10,0)*ストレージ一般解析Quota設定のみ単価*(S15/年間日数),0),IF( AND($P15=ストレージ個人ゲノムQuota設定のみ),ROUNDDOWN(ROUNDUP($Q15/10,0)*ストレージ個人ゲノムQuota設定のみ単価*(S15/年間日数),0),IF( $D15=CPU1_,ROUNDDOWN(($Q15*CPU3単価*S15/30),0),IF( $D15=CPU2_,ROUNDDOWN(($Q15*CPU4単価*S15/30),0),IF( $D15=Mem1_,ROUNDDOWN(($Q15*Mem1単価*S15/30),0),IF( $D15=Mem2_,ROUNDDOWN(($Q15*Mem2単価*S15/30),0),IF( $D15=Acc1_,ROUNDDOWN(($Q15*Acc1単価*S15/30),0),IF( $D15=Acc2_,ROUNDDOWN(($Q15*Acc2単価*S15/30),0),IF( $D15=Acc3_,ROUNDDOWN(($Q15*Acc3単価*S15/30),0),"" ) ) ) ) ) ) ) ) ) ) -> 33972 | W15: =IF( AND($P15=ストレージ一般解析Quota設定のみ,$Q15<=30),0,IF( AND($P15=ストレージ一般解析Quota設定のみ,$Q15>30),ROUNDDOWN(ROUNDUP($Q15/10,0)*ストレージ一般解析Quota設定のみ単価*(T15/年間日数),0),IF( AND($P15=ストレージ個人ゲノムQuota設定のみ),ROUNDDOWN(ROUNDUP($Q15/10,0)*ストレージ個人ゲノムQuota設定のみ単価*(T15/年間日数),0),IF( $D15=CPU1_,ROUNDDOWN(($Q15*CPU3単価*T15/30),0),IF( $D15=CPU2_,ROUNDDOWN(($Q15*CPU4単価*T15/30),0),IF( $D15=Mem1_,ROUNDDOWN(($Q15*Mem1単価*T15/30),0),IF( $D15=Mem2_,ROUNDDOWN(($Q15*Mem2単価*T15/30),0),IF( $D15=Acc1_,ROUNDDOWN(($Q15*Acc1単価*T15/30),0),IF( $D15=Acc2_,ROUNDDOWN(($Q15*Acc2単価*T15/30),0),IF( $D15=Acc3_,ROUNDDOWN(($Q15*Acc3単価*T15/30),0),"" ) ) ) ) ) ) ) ) ) ) -> 0 | X15: =IF(O15="","",SUM(U15:W15)) -> 33972
A16: 46388 | B16: 46477 | C16: ストレージ大規模利用_個人ゲノム区画 | D16: Quota設定のみ | E16: 30 | F16: 40 | G16: 40 | O16: =IF( AND(SUM(E16:N16)>0,OR(C16=Sheet1!$A$1,C16=Sheet1!$A$2)), CONCATENATE(SUM(E16:N16),"TB"), IF( AND(SUM(E16:N16)>0,OR(C16=Sheet1!$A$6,C16=Sheet1!$A$3,C16=Sheet1!$A$7,C16=Sheet1!$A$4),D16=Sheet1!$H$6), CONCATENATE(SUM(E16:N16),"台"), IF( AND( SUM(E16:N16)>0, OR(C16=Sheet1!$A$6,C16=Sheet1!$A$3,C16=Sheet1!$A$7,C16=Sheet1!$A$4,C16=Sheet1!$A$5), OR(D16=Sheet1!$B$6,D16=Sheet1!$C$6,D16=Sheet1!$D$6,D16=Sheet1!$E$6,D16=Sheet1!$F$6,D16=Sheet1!$G$6) ), CONCATENATE(SUM(E16:N16),"単位"), "" ) ) ) -> 110TB | P16: =C16&D16 -> ストレージ大規模利用_個人ゲノム区画Quota設定のみ | Q16: =SUM(E16:N16) -> 110 | R16: =IF(AND($A16<=DATE(年,4,1),$B16>=DATE(年,7,31)),DATEDIF(DATE(年,4,1),DATE(年,7,31),"d")+1,IF(AND($A16>DATE(年,4,1),$A16<=DATE(年,7,31),$B16>=DATE(年,7,31)),DATEDIF($A16,DATE(年,7,31),"d")+1,IF(AND($A16<=DATE(年,4,1),$B16>=DATE(年,4,1),$B16<=DATE(年,7,31)),DATEDIF(DATE(年,4,1),$B16,"d")+1,IF(AND($A16>=DATE(年,4,1),$A16<=DATE(年,7,31),$B16>=DATE(年,4,1),$B16<=DATE(年,7,31)),DATEDIF(A16,B16,"d")+1,0)))) -> 0 | S16: =IF(AND($A16<=DATE(年,8,1),$B16>=DATE(年,11,30)),DATEDIF(DATE(年,8,1),DATE(年,11,30),"d")+1,IF(AND($A16>DATE(年,8,1),$A16<=DATE(年,11,30),$B16>=DATE(年,11,30)),DATEDIF($A16,DATE(年,11,30),"d")+1,IF(AND($A16<=DATE(年,8,1),$B16>=DATE(年,8,1),$B16<=DATE(年,11,30)),DATEDIF(DATE(年,8,1),$B16,"d")+1,IF(AND($A16>=DATE(年,8,1),$A16<=DATE(年,11,30),$B16>=DATE(年,8,1),$B16<=DATE(年,11,30)),DATEDIF($A16,$B16,"d")+1,0)))) -> 0 | T16: =IF(AND($A16<=DATE(年,12,1),$B16>=DATE(年+1,3,31)),DATEDIF(DATE(年,12,1),DATE(年+1,3,31),"d")+1,IF(AND($A16>DATE(年,12,1),$A16<=DATE(年+1,3,31),$B16>=DATE(年+1,3,31)),DATEDIF($A16,DATE(年+1,3,31),"d")+1,IF(AND($A16<=DATE(年,12,1),$B16>=DATE(年,12,1),$B16<=DATE(年+1,3,31)),DATEDIF(DATE(年,12,1),$B16,"d")+1,IF(AND(A16>=DATE(年,12,1),$A16<=DATE(年+1,3,31),$B16>=DATE(年,12,1),$B16<=DATE(年+1,3,31)),DATEDIF($A16,$B16,"d")+1,0)))) -> 90 | U16: =IF( AND($P16=ストレージ一般解析Quota設定のみ,$Q16<=30),0,IF( AND($P16=ストレージ一般解析Quota設定のみ,$Q16>30),ROUNDDOWN(ROUNDUP($Q16/10,0)*ストレージ一般解析Quota設定のみ単価*(R16/年間日数),0),IF( AND($P16=ストレージ個人ゲノムQuota設定のみ),ROUNDDOWN(ROUNDUP($Q16/10,0)*ストレージ個人ゲノムQuota設定のみ単価*(R16/年間日数),0),IF( $D16=CPU1_,ROUNDDOWN(($Q16*CPU4単価*R16/30),0),IF( $D16=CPU2_,ROUNDDOWN(($Q16*CPU5単価*R16/30),0),IF( $D16=Mem1_,ROUNDDOWN(($Q16*Mem1単価*R16/30),0),IF( $D16=Mem2_,ROUNDDOWN(($Q16*Mem2単価*R16/30),0),IF( $D16=Acc1_,ROUNDDOWN(($Q16*Acc1単価*R16/30),0),IF( $D16=Acc2_,ROUNDDOWN(($Q16*Acc2単価*R16/30),0),IF( $D16=Acc3_,ROUNDDOWN(($Q16*Acc3単価*R16/30),0),"" ) ) ) ) ) ) ) ) ) ) -> 0 | V16: =IF( AND($P16=ストレージ一般解析Quota設定のみ,$Q16<=30),0,IF( AND($P16=ストレージ一般解析Quota設定のみ,$Q16>30),ROUNDDOWN(ROUNDUP($Q16/10,0)*ストレージ一般解析Quota設定のみ単価*(S16/年間日数),0),IF( AND($P16=ストレージ個人ゲノムQuota設定のみ),ROUNDDOWN(ROUNDUP($Q16/10,0)*ストレージ個人ゲノムQuota設定のみ単価*(S16/年間日数),0),IF( $D16=CPU1_,ROUNDDOWN(($Q16*CPU4単価*S16/30),0),IF( $D16=CPU2_,ROUNDDOWN(($Q16*CPU5単価*S16/30),0),IF( $D16=Mem1_,ROUNDDOWN(($Q16*Mem1単価*S16/30),0),IF( $D16=Mem2_,ROUNDDOWN(($Q16*Mem2単価*S16/30),0),IF( $D16=Acc1_,ROUNDDOWN(($Q16*Acc1単価*S16/30),0),IF( $D16=Acc2_,ROUNDDOWN(($Q16*Acc2単価*S16/30),0),IF( $D16=Acc3_,ROUNDDOWN(($Q16*Acc3単価*S16/30),0),"" ) ) ) ) ) ) ) ) ) ) -> 0 | W16: =IF( AND($P16=ストレージ一般解析Quota設定のみ,$Q16<=30),0,IF( AND($P16=ストレージ一般解析Quota設定のみ,$Q16>30),ROUNDDOWN(ROUNDUP($Q16/10,0)*ストレージ一般解析Quota設定のみ単価*(T16/年間日数),0),IF( AND($P16=ストレージ個人ゲノムQuota設定のみ),ROUNDDOWN(ROUNDUP($Q16/10,0)*ストレージ個人ゲノムQuota設定のみ単価*(T16/年間日数),0),IF( $D16=CPU1_,ROUNDDOWN(($Q16*CPU4単価*T16/30),0),IF( $D16=CPU2_,ROUNDDOWN(($Q16*CPU5単価*T16/30),0),IF( $D16=Mem1_,ROUNDDOWN(($Q16*Mem1単価*T16/30),0),IF( $D16=Mem2_,ROUNDDOWN(($Q16*Mem2単価*T16/30),0),IF( $D16=Acc1_,ROUNDDOWN(($Q16*Acc1単価*T16/30),0),IF( $D16=Acc2_,ROUNDDOWN(($Q16*Acc2単価*T16/30),0),IF( $D16=Acc3_,ROUNDDOWN(($Q16*Acc3単価*T16/30),0),"" ) ) ) ) ) ) ) ) ) ) -> 108493 | X16: =IF(O16="","",SUM(U16:W16)) -> 108493
A17: 46113 | B17: 46142 | C17: 計算ノード占有利用_一般解析区画 | D17: CPU最適化ノードType1(1単位 = 1CPUコア 8GBメモリ) | E17: 2 | O17: =IF( AND(SUM(E17:N17)>0,OR(C17=Sheet1!$A$1,C17=Sheet1!$A$2)), CONCATENATE(SUM(E17:N17),"TB"), IF( AND(SUM(E17:N17)>0,OR(C17=Sheet1!$A$6,C17=Sheet1!$A$3,C17=Sheet1!$A$7,C17=Sheet1!$A$4),D17=Sheet1!$H$6), CONCATENATE(SUM(E17:N17),"台"), IF( AND( SUM(E17:N17)>0, OR(C17=Sheet1!$A$6,C17=Sheet1!$A$3,C17=Sheet1!$A$7,C17=Sheet1!$A$4,C17=Sheet1!$A$5), OR(D17=Sheet1!$B$6,D17=Sheet1!$C$6,D17=Sheet1!$D$6,D17=Sheet1!$E$6,D17=Sheet1!$F$6,D17=Sheet1!$G$6) ), CONCATENATE(SUM(E17:N17),"単位"), "" ) ) ) -> 2単位 | P17: =C17&D17 -> 計算ノード占有利用_一般解析区画CPU最適化ノードType1(1単位 = 1CPUコア 8GBメモリ) | Q17: =SUM(E17:N17) -> 2 | R17: =IF(AND($A17<=DATE(年,4,1),$B17>=DATE(年,7,31)),DATEDIF(DATE(年,4,1),DATE(年,7,31),"d")+1,IF(AND($A17>DATE(年,4,1),$A17<=DATE(年,7,31),$B17>=DATE(年,7,31)),DATEDIF($A17,DATE(年,7,31),"d")+1,IF(AND($A17<=DATE(年,4,1),$B17>=DATE(年,4,1),$B17<=DATE(年,7,31)),DATEDIF(DATE(年,4,1),$B17,"d")+1,IF(AND($A17>=DATE(年,4,1),$A17<=DATE(年,7,31),$B17>=DATE(年,4,1),$B17<=DATE(年,7,31)),DATEDIF(A17,B17,"d")+1,0)))) -> 30 | S17: =IF(AND($A17<=DATE(年,8,1),$B17>=DATE(年,11,30)),DATEDIF(DATE(年,8,1),DATE(年,11,30),"d")+1,IF(AND($A17>DATE(年,8,1),$A17<=DATE(年,11,30),$B17>=DATE(年,11,30)),DATEDIF($A17,DATE(年,11,30),"d")+1,IF(AND($A17<=DATE(年,8,1),$B17>=DATE(年,8,1),$B17<=DATE(年,11,30)),DATEDIF(DATE(年,8,1),$B17,"d")+1,IF(AND($A17>=DATE(年,8,1),$A17<=DATE(年,11,30),$B17>=DATE(年,8,1),$B17<=DATE(年,11,30)),DATEDIF($A17,$B17,"d")+1,0)))) -> 0 | T17: =IF(AND($A17<=DATE(年,12,1),$B17>=DATE(年+1,3,31)),DATEDIF(DATE(年,12,1),DATE(年+1,3,31),"d")+1,IF(AND($A17>DATE(年,12,1),$A17<=DATE(年+1,3,31),$B17>=DATE(年+1,3,31)),DATEDIF($A17,DATE(年+1,3,31),"d")+1,IF(AND($A17<=DATE(年,12,1),$B17>=DATE(年,12,1),$B17<=DATE(年+1,3,31)),DATEDIF(DATE(年,12,1),$B17,"d")+1,IF(AND(A17>=DATE(年,12,1),$A17<=DATE(年+1,3,31),$B17>=DATE(年,12,1),$B17<=DATE(年+1,3,31)),DATEDIF($A17,$B17,"d")+1,0)))) -> 0 | U17: =IF( AND($P17=ストレージ一般解析Quota設定のみ,$Q17<=30),0,IF( AND($P17=ストレージ一般解析Quota設定のみ,$Q17>30),ROUNDDOWN(ROUNDUP($Q17/10,0)*ストレージ一般解析Quota設定のみ単価*(R17/年間日数),0),IF( AND($P17=ストレージ個人ゲノムQuota設定のみ),ROUNDDOWN(ROUNDUP($Q17/10,0)*ストレージ個人ゲノムQuota設定のみ単価*(R17/年間日数),0),IF( $D17=CPU1_,ROUNDDOWN(($Q17*CPU5単価*R17/30),0),IF( $D17=CPU2_,ROUNDDOWN(($Q17*CPU6単価*R17/30),0),IF( $D17=Mem1_,ROUNDDOWN(($Q17*Mem1単価*R17/30),0),IF( $D17=Mem2_,ROUNDDOWN(($Q17*Mem2単価*R17/30),0),IF( $D17=Acc1_,ROUNDDOWN(($Q17*Acc1単価*R17/30),0),IF( $D17=Acc2_,ROUNDDOWN(($Q17*Acc2単価*R17/30),0),IF( $D17=Acc3_,ROUNDDOWN(($Q17*Acc3単価*R17/30),0),"" ) ) ) ) ) ) ) ) ) ) -> 1000 | V17: =IF( AND($P17=ストレージ一般解析Quota設定のみ,$Q17<=30),0,IF( AND($P17=ストレージ一般解析Quota設定のみ,$Q17>30),ROUNDDOWN(ROUNDUP($Q17/10,0)*ストレージ一般解析Quota設定のみ単価*(S17/年間日数),0),IF( AND($P17=ストレージ個人ゲノムQuota設定のみ),ROUNDDOWN(ROUNDUP($Q17/10,0)*ストレージ個人ゲノムQuota設定のみ単価*(S17/年間日数),0),IF( $D17=CPU1_,ROUNDDOWN(($Q17*CPU5単価*S17/30),0),IF( $D17=CPU2_,ROUNDDOWN(($Q17*CPU6単価*S17/30),0),IF( $D17=Mem1_,ROUNDDOWN(($Q17*Mem1単価*S17/30),0),IF( $D17=Mem2_,ROUNDDOWN(($Q17*Mem2単価*S17/30),0),IF( $D17=Acc1_,ROUNDDOWN(($Q17*Acc1単価*S17/30),0),IF( $D17=Acc2_,ROUNDDOWN(($Q17*Acc2単価*S17/30),0),IF( $D17=Acc3_,ROUNDDOWN(($Q17*Acc3単価*S17/30),0),"" ) ) ) ) ) ) ) ) ) ) -> 0 | W17: =IF( AND($P17=ストレージ一般解析Quota設定のみ,$Q17<=30),0,IF( AND($P17=ストレージ一般解析Quota設定のみ,$Q17>30),ROUNDDOWN(ROUNDUP($Q17/10,0)*ストレージ一般解析Quota設定のみ単価*(T17/年間日数),0),IF( AND($P17=ストレージ個人ゲノムQuota設定のみ),ROUNDDOWN(ROUNDUP($Q17/10,0)*ストレージ個人ゲノムQuota設定のみ単価*(T17/年間日数),0),IF( $D17=CPU1_,ROUNDDOWN(($Q17*CPU5単価*T17/30),0),IF( $D17=CPU2_,ROUNDDOWN(($Q17*CPU6単価*T17/30),0),IF( $D17=Mem1_,ROUNDDOWN(($Q17*Mem1単価*T17/30),0),IF( $D17=Mem2_,ROUNDDOWN(($Q17*Mem2単価*T17/30),0),IF( $D17=Acc1_,ROUNDDOWN(($Q17*Acc1単価*T17/30),0),IF( $D17=Acc2_,ROUNDDOWN(($Q17*Acc2単価*T17/30),0),IF( $D17=Acc3_,ROUNDDOWN(($Q17*Acc3単価*T17/30),0),"" ) ) ) ) ) ) ) ) ) ) -> 0 | X17: =IF(O17="","",SUM(U17:W17)) -> 1000
A18: 46296 | B18: 46326 | C18: 計算ノード占有利用_一般解析区画 | D18: Memory最適化ノードType2(1単位 = 64CPUコア 1TBメモリ) | E18: 2 | O18: =IF( AND(SUM(E18:N18)>0,OR(C18=Sheet1!$A$1,C18=Sheet1!$A$2)), CONCATENATE(SUM(E18:N18),"TB"), IF( AND(SUM(E18:N18)>0,OR(C18=Sheet1!$A$6,C18=Sheet1!$A$3,C18=Sheet1!$A$7,C18=Sheet1!$A$4),D18=Sheet1!$H$6), CONCATENATE(SUM(E18:N18),"台"), IF( AND( SUM(E18:N18)>0, OR(C18=Sheet1!$A$6,C18=Sheet1!$A$3,C18=Sheet1!$A$7,C18=Sheet1!$A$4,C18=Sheet1!$A$5), OR(D18=Sheet1!$B$6,D18=Sheet1!$C$6,D18=Sheet1!$D$6,D18=Sheet1!$E$6,D18=Sheet1!$F$6,D18=Sheet1!$G$6) ), CONCATENATE(SUM(E18:N18),"単位"), "" ) ) ) -> 2単位 | P18: =C18&D18 -> 計算ノード占有利用_一般解析区画Memory最適化ノードType2(1単位 = 64CPUコア 1TBメモリ) | Q18: =SUM(E18:N18) -> 2 | R18: =IF(AND($A18<=DATE(年,4,1),$B18>=DATE(年,7,31)),DATEDIF(DATE(年,4,1),DATE(年,7,31),"d")+1,IF(AND($A18>DATE(年,4,1),$A18<=DATE(年,7,31),$B18>=DATE(年,7,31)),DATEDIF($A18,DATE(年,7,31),"d")+1,IF(AND($A18<=DATE(年,4,1),$B18>=DATE(年,4,1),$B18<=DATE(年,7,31)),DATEDIF(DATE(年,4,1),$B18,"d")+1,IF(AND($A18>=DATE(年,4,1),$A18<=DATE(年,7,31),$B18>=DATE(年,4,1),$B18<=DATE(年,7,31)),DATEDIF(A18,B18,"d")+1,0)))) -> 0 | S18: =IF(AND($A18<=DATE(年,8,1),$B18>=DATE(年,11,30)),DATEDIF(DATE(年,8,1),DATE(年,11,30),"d")+1,IF(AND($A18>DATE(年,8,1),$A18<=DATE(年,11,30),$B18>=DATE(年,11,30)),DATEDIF($A18,DATE(年,11,30),"d")+1,IF(AND($A18<=DATE(年,8,1),$B18>=DATE(年,8,1),$B18<=DATE(年,11,30)),DATEDIF(DATE(年,8,1),$B18,"d")+1,IF(AND($A18>=DATE(年,8,1),$A18<=DATE(年,11,30),$B18>=DATE(年,8,1),$B18<=DATE(年,11,30)),DATEDIF($A18,$B18,"d")+1,0)))) -> 31 | T18: =IF(AND($A18<=DATE(年,12,1),$B18>=DATE(年+1,3,31)),DATEDIF(DATE(年,12,1),DATE(年+1,3,31),"d")+1,IF(AND($A18>DATE(年,12,1),$A18<=DATE(年+1,3,31),$B18>=DATE(年+1,3,31)),DATEDIF($A18,DATE(年+1,3,31),"d")+1,IF(AND($A18<=DATE(年,12,1),$B18>=DATE(年,12,1),$B18<=DATE(年+1,3,31)),DATEDIF(DATE(年,12,1),$B18,"d")+1,IF(AND(A18>=DATE(年,12,1),$A18<=DATE(年+1,3,31),$B18>=DATE(年,12,1),$B18<=DATE(年+1,3,31)),DATEDIF($A18,$B18,"d")+1,0)))) -> 0 | U18: =IF( AND($P18=ストレージ一般解析Quota設定のみ,$Q18<=30),0,IF( AND($P18=ストレージ一般解析Quota設定のみ,$Q18>30),ROUNDDOWN(ROUNDUP($Q18/10,0)*ストレージ一般解析Quota設定のみ単価*(R18/年間日数),0),IF( AND($P18=ストレージ個人ゲノムQuota設定のみ),ROUNDDOWN(ROUNDUP($Q18/10,0)*ストレージ個人ゲノムQuota設定のみ単価*(R18/年間日数),0),IF( $D18=CPU1_,ROUNDDOWN(($Q18*CPU6単価*R18/30),0),IF( $D18=CPU2_,ROUNDDOWN(($Q18*CPU7単価*R18/30),0),IF( $D18=Mem1_,ROUNDDOWN(($Q18*Mem1単価*R18/30),0),IF( $D18=Mem2_,ROUNDDOWN(($Q18*Mem2単価*R18/30),0),IF( $D18=Acc1_,ROUNDDOWN(($Q18*Acc1単価*R18/30),0),IF( $D18=Acc2_,ROUNDDOWN(($Q18*Acc2単価*R18/30),0),IF( $D18=Acc3_,ROUNDDOWN(($Q18*Acc3単価*R18/30),0),"" ) ) ) ) ) ) ) ) ) ) -> 0 | V18: =IF( AND($P18=ストレージ一般解析Quota設定のみ,$Q18<=30),0,IF( AND($P18=ストレージ一般解析Quota設定のみ,$Q18>30),ROUNDDOWN(ROUNDUP($Q18/10,0)*ストレージ一般解析Quota設定のみ単価*(S18/年間日数),0),IF( AND($P18=ストレージ個人ゲノムQuota設定のみ),ROUNDDOWN(ROUNDUP($Q18/10,0)*ストレージ個人ゲノムQuota設定のみ単価*(S18/年間日数),0),IF( $D18=CPU1_,ROUNDDOWN(($Q18*CPU6単価*S18/30),0),IF( $D18=CPU2_,ROUNDDOWN(($Q18*CPU7単価*S18/30),0),IF( $D18=Mem1_,ROUNDDOWN(($Q18*Mem1単価*S18/30),0),IF( $D18=Mem2_,ROUNDDOWN(($Q18*Mem2単価*S18/30),0),IF( $D18=Acc1_,ROUNDDOWN(($Q18*Acc1単価*S18/30),0),IF( $D18=Acc2_,ROUNDDOWN(($Q18*Acc2単価*S18/30),0),IF( $D18=Acc3_,ROUNDDOWN(($Q18*Acc3単価*S18/30),0),"" ) ) ) ) ) ) ) ) ) ) -> 82666 | W18: =IF( AND($P18=ストレージ一般解析Quota設定のみ,$Q18<=30),0,IF( AND($P18=ストレージ一般解析Quota設定のみ,$Q18>30),ROUNDDOWN(ROUNDUP($Q18/10,0)*ストレージ一般解析Quota設定のみ単価*(T18/年間日数),0),IF( AND($P18=ストレージ個人ゲノムQuota設定のみ),ROUNDDOWN(ROUNDUP($Q18/10,0)*ストレージ個人ゲノムQuota設定のみ単価*(T18/年間日数),0),IF( $D18=CPU1_,ROUNDDOWN(($Q18*CPU6単価*T18/30),0),IF( $D18=CPU2_,ROUNDDOWN(($Q18*CPU7単価*T18/30),0),IF( $D18=Mem1_,ROUNDDOWN(($Q18*Mem1単価*T18/30),0),IF( $D18=Mem2_,ROUNDDOWN(($Q18*Mem2単価*T18/30),0),IF( $D18=Acc1_,ROUNDDOWN(($Q18*Acc1単価*T18/30),0),IF( $D18=Acc2_,ROUNDDOWN(($Q18*Acc2単価*T18/30),0),IF( $D18=Acc3_,ROUNDDOWN(($Q18*Acc3単価*T18/30),0),"" ) ) ) ) ) ) ) ) ) ) -> 0 | X18: =IF(O18="","",SUM(U18:W18)) -> 82666
A19: 46388 | B19: 46477 | C19: 計算ノード占有利用_個人ゲノム区画 | D19: CPU最適化ノードType2(1単位 = 1CPUコア 4GBメモリ) | E19: 2 | O19: =IF( AND(SUM(E19:N19)>0,OR(C19=Sheet1!$A$1,C19=Sheet1!$A$2)), CONCATENATE(SUM(E19:N19),"TB"), IF( AND(SUM(E19:N19)>0,OR(C19=Sheet1!$A$6,C19=Sheet1!$A$3,C19=Sheet1!$A$7,C19=Sheet1!$A$4),D19=Sheet1!$H$6), CONCATENATE(SUM(E19:N19),"台"), IF( AND( SUM(E19:N19)>0, OR(C19=Sheet1!$A$6,C19=Sheet1!$A$3,C19=Sheet1!$A$7,C19=Sheet1!$A$4,C19=Sheet1!$A$5), OR(D19=Sheet1!$B$6,D19=Sheet1!$C$6,D19=Sheet1!$D$6,D19=Sheet1!$E$6,D19=Sheet1!$F$6,D19=Sheet1!$G$6) ), CONCATENATE(SUM(E19:N19),"単位"), "" ) ) ) -> 2単位 | P19: =C19&D19 -> 計算ノード占有利用_個人ゲノム区画CPU最適化ノードType2(1単位 = 1CPUコア 4GBメモリ) | Q19: =SUM(E19:N19) -> 2 | R19: =IF(AND($A19<=DATE(年,4,1),$B19>=DATE(年,7,31)),DATEDIF(DATE(年,4,1),DATE(年,7,31),"d")+1,IF(AND($A19>DATE(年,4,1),$A19<=DATE(年,7,31),$B19>=DATE(年,7,31)),DATEDIF($A19,DATE(年,7,31),"d")+1,IF(AND($A19<=DATE(年,4,1),$B19>=DATE(年,4,1),$B19<=DATE(年,7,31)),DATEDIF(DATE(年,4,1),$B19,"d")+1,IF(AND($A19>=DATE(年,4,1),$A19<=DATE(年,7,31),$B19>=DATE(年,4,1),$B19<=DATE(年,7,31)),DATEDIF(A19,B19,"d")+1,0)))) -> 0 | S19: =IF(AND($A19<=DATE(年,8,1),$B19>=DATE(年,11,30)),DATEDIF(DATE(年,8,1),DATE(年,11,30),"d")+1,IF(AND($A19>DATE(年,8,1),$A19<=DATE(年,11,30),$B19>=DATE(年,11,30)),DATEDIF($A19,DATE(年,11,30),"d")+1,IF(AND($A19<=DATE(年,8,1),$B19>=DATE(年,8,1),$B19<=DATE(年,11,30)),DATEDIF(DATE(年,8,1),$B19,"d")+1,IF(AND($A19>=DATE(年,8,1),$A19<=DATE(年,11,30),$B19>=DATE(年,8,1),$B19<=DATE(年,11,30)),DATEDIF($A19,$B19,"d")+1,0)))) -> 0 | T19: =IF(AND($A19<=DATE(年,12,1),$B19>=DATE(年+1,3,31)),DATEDIF(DATE(年,12,1),DATE(年+1,3,31),"d")+1,IF(AND($A19>DATE(年,12,1),$A19<=DATE(年+1,3,31),$B19>=DATE(年+1,3,31)),DATEDIF($A19,DATE(年+1,3,31),"d")+1,IF(AND($A19<=DATE(年,12,1),$B19>=DATE(年,12,1),$B19<=DATE(年+1,3,31)),DATEDIF(DATE(年,12,1),$B19,"d")+1,IF(AND(A19>=DATE(年,12,1),$A19<=DATE(年+1,3,31),$B19>=DATE(年,12,1),$B19<=DATE(年+1,3,31)),DATEDIF($A19,$B19,"d")+1,0)))) -> 90 | U19: =IF( AND($P19=ストレージ一般解析Quota設定のみ,$Q19<=30),0,IF( AND($P19=ストレージ一般解析Quota設定のみ,$Q19>30),ROUNDDOWN(ROUNDUP($Q19/10,0)*ストレージ一般解析Quota設定のみ単価*(R19/年間日数),0),IF( AND($P19=ストレージ個人ゲノムQuota設定のみ),ROUNDDOWN(ROUNDUP($Q19/10,0)*ストレージ個人ゲノムQuota設定のみ単価*(R19/年間日数),0),IF( $D19=CPU1_,ROUNDDOWN(($Q19*CPU7単価*R19/30),0),IF( $D19=CPU2_,ROUNDDOWN(($Q19*CPU8単価*R19/30),0),IF( $D19=Mem1_,ROUNDDOWN(($Q19*Mem1単価*R19/30),0),IF( $D19=Mem2_,ROUNDDOWN(($Q19*Mem2単価*R19/30),0),IF( $D19=Acc1_,ROUNDDOWN(($Q19*Acc1単価*R19/30),0),IF( $D19=Acc2_,ROUNDDOWN(($Q19*Acc2単価*R19/30),0),IF( $D19=Acc3_,ROUNDDOWN(($Q19*Acc3単価*R19/30),0),"" ) ) ) ) ) ) ) ) ) ) -> 0 | V19: =IF( AND($P19=ストレージ一般解析Quota設定のみ,$Q19<=30),0,IF( AND($P19=ストレージ一般解析Quota設定のみ,$Q19>30),ROUNDDOWN(ROUNDUP($Q19/10,0)*ストレージ一般解析Quota設定のみ単価*(S19/年間日数),0),IF( AND($P19=ストレージ個人ゲノムQuota設定のみ),ROUNDDOWN(ROUNDUP($Q19/10,0)*ストレージ個人ゲノムQuota設定のみ単価*(S19/年間日数),0),IF( $D19=CPU1_,ROUNDDOWN(($Q19*CPU7単価*S19/30),0),IF( $D19=CPU2_,ROUNDDOWN(($Q19*CPU8単価*S19/30),0),IF( $D19=Mem1_,ROUNDDOWN(($Q19*Mem1単価*S19/30),0),IF( $D19=Mem2_,ROUNDDOWN(($Q19*Mem2単価*S19/30),0),IF( $D19=Acc1_,ROUNDDOWN(($Q19*Acc1単価*S19/30),0),IF( $D19=Acc2_,ROUNDDOWN(($Q19*Acc2単価*S19/30),0),IF( $D19=Acc3_,ROUNDDOWN(($Q19*Acc3単価*S19/30),0),"" ) ) ) ) ) ) ) ) ) ) -> 0 | W19: =IF( AND($P19=ストレージ一般解析Quota設定のみ,$Q19<=30),0,IF( AND($P19=ストレージ一般解析Quota設定のみ,$Q19>30),ROUNDDOWN(ROUNDUP($Q19/10,0)*ストレージ一般解析Quota設定のみ単価*(T19/年間日数),0),IF( AND($P19=ストレージ個人ゲノムQuota設定のみ),ROUNDDOWN(ROUNDUP($Q19/10,0)*ストレージ個人ゲノムQuota設定のみ単価*(T19/年間日数),0),IF( $D19=CPU1_,ROUNDDOWN(($Q19*CPU7単価*T19/30),0),IF( $D19=CPU2_,ROUNDDOWN(($Q19*CPU8単価*T19/30),0),IF( $D19=Mem1_,ROUNDDOWN(($Q19*Mem1単価*T19/30),0),IF( $D19=Mem2_,ROUNDDOWN(($Q19*Mem2単価*T19/30),0),IF( $D19=Acc1_,ROUNDDOWN(($Q19*Acc1単価*T19/30),0),IF( $D19=Acc2_,ROUNDDOWN(($Q19*Acc2単価*T19/30),0),IF( $D19=Acc3_,ROUNDDOWN(($Q19*Acc3単価*T19/30),0),"" ) ) ) ) ) ) ) ) ) ) -> 3000 | X19: =IF(O19="","",SUM(U19:W19)) -> 3000
A20: 46388 | B20: 46477 | C20: 計算ノード占有利用_個人ゲノム区画 | D20: CPU最適化ノードType2(1単位 = 1CPUコア 4GBメモリ) | E20: 2 | O20: =IF( AND(SUM(E20:N20)>0,OR(C20=Sheet1!$A$1,C20=Sheet1!$A$2)), CONCATENATE(SUM(E20:N20),"TB"), IF( AND(SUM(E20:N20)>0,OR(C20=Sheet1!$A$6,C20=Sheet1!$A$3,C20=Sheet1!$A$7,C20=Sheet1!$A$4),D20=Sheet1!$H$6), CONCATENATE(SUM(E20:N20),"台"), IF( AND( SUM(E20:N20)>0, OR(C20=Sheet1!$A$6,C20=Sheet1!$A$3,C20=Sheet1!$A$7,C20=Sheet1!$A$4,C20=Sheet1!$A$5), OR(D20=Sheet1!$B$6,D20=Sheet1!$C$6,D20=Sheet1!$D$6,D20=Sheet1!$E$6,D20=Sheet1!$F$6,D20=Sheet1!$G$6) ), CONCATENATE(SUM(E20:N20),"単位"), "" ) ) ) -> 2単位 | P20: =C20&D20 -> 計算ノード占有利用_個人ゲノム区画CPU最適化ノードType2(1単位 = 1CPUコア 4GBメモリ) | Q20: =SUM(E20:N20) -> 2 | R20: =IF(AND($A20<=DATE(年,4,1),$B20>=DATE(年,7,31)),DATEDIF(DATE(年,4,1),DATE(年,7,31),"d")+1,IF(AND($A20>DATE(年,4,1),$A20<=DATE(年,7,31),$B20>=DATE(年,7,31)),DATEDIF($A20,DATE(年,7,31),"d")+1,IF(AND($A20<=DATE(年,4,1),$B20>=DATE(年,4,1),$B20<=DATE(年,7,31)),DATEDIF(DATE(年,4,1),$B20,"d")+1,IF(AND($A20>=DATE(年,4,1),$A20<=DATE(年,7,31),$B20>=DATE(年,4,1),$B20<=DATE(年,7,31)),DATEDIF(A20,B20,"d")+1,0)))) -> 0 | S20: =IF(AND($A20<=DATE(年,8,1),$B20>=DATE(年,11,30)),DATEDIF(DATE(年,8,1),DATE(年,11,30),"d")+1,IF(AND($A20>DATE(年,8,1),$A20<=DATE(年,11,30),$B20>=DATE(年,11,30)),DATEDIF($A20,DATE(年,11,30),"d")+1,IF(AND($A20<=DATE(年,8,1),$B20>=DATE(年,8,1),$B20<=DATE(年,11,30)),DATEDIF(DATE(年,8,1),$B20,"d")+1,IF(AND($A20>=DATE(年,8,1),$A20<=DATE(年,11,30),$B20>=DATE(年,8,1),$B20<=DATE(年,11,30)),DATEDIF($A20,$B20,"d")+1,0)))) -> 0 | T20: =IF(AND($A20<=DATE(年,12,1),$B20>=DATE(年+1,3,31)),DATEDIF(DATE(年,12,1),DATE(年+1,3,31),"d")+1,IF(AND($A20>DATE(年,12,1),$A20<=DATE(年+1,3,31),$B20>=DATE(年+1,3,31)),DATEDIF($A20,DATE(年+1,3,31),"d")+1,IF(AND($A20<=DATE(年,12,1),$B20>=DATE(年,12,1),$B20<=DATE(年+1,3,31)),DATEDIF(DATE(年,12,1),$B20,"d")+1,IF(AND(A20>=DATE(年,12,1),$A20<=DATE(年+1,3,31),$B20>=DATE(年,12,1),$B20<=DATE(年+1,3,31)),DATEDIF($A20,$B20,"d")+1,0)))) -> 90 | U20: =IF( AND($P20=ストレージ一般解析Quota設定のみ,$Q20<=30),0,IF( AND($P20=ストレージ一般解析Quota設定のみ,$Q20>30),ROUNDDOWN(ROUNDUP($Q20/10,0)*ストレージ一般解析Quota設定のみ単価*(R20/年間日数),0),IF( AND($P20=ストレージ個人ゲノムQuota設定のみ),ROUNDDOWN(ROUNDUP($Q20/10,0)*ストレージ個人ゲノムQuota設定のみ単価*(R20/年間日数),0),IF( $D20=CPU1_,ROUNDDOWN(($Q20*CPU8単価*R20/30),0),IF( $D20=CPU2_,ROUNDDOWN(($Q20*CPU9単価*R20/30),0),IF( $D20=Mem1_,ROUNDDOWN(($Q20*Mem1単価*R20/30),0),IF( $D20=Mem2_,ROUNDDOWN(($Q20*Mem2単価*R20/30),0),IF( $D20=Acc1_,ROUNDDOWN(($Q20*Acc1単価*R20/30),0),IF( $D20=Acc2_,ROUNDDOWN(($Q20*Acc2単価*R20/30),0),IF( $D20=Acc3_,ROUNDDOWN(($Q20*Acc3単価*R20/30),0),"" ) ) ) ) ) ) ) ) ) ) -> 0 | V20: =IF( AND($P20=ストレージ一般解析Quota設定のみ,$Q20<=30),0,IF( AND($P20=ストレージ一般解析Quota設定のみ,$Q20>30),ROUNDDOWN(ROUNDUP($Q20/10,0)*ストレージ一般解析Quota設定のみ単価*(S20/年間日数),0),IF( AND($P20=ストレージ個人ゲノムQuota設定のみ),ROUNDDOWN(ROUNDUP($Q20/10,0)*ストレージ個人ゲノムQuota設定のみ単価*(S20/年間日数),0),IF( $D20=CPU1_,ROUNDDOWN(($Q20*CPU8単価*S20/30),0),IF( $D20=CPU2_,ROUNDDOWN(($Q20*CPU9単価*S20/30),0),IF( $D20=Mem1_,ROUNDDOWN(($Q20*Mem1単価*S20/30),0),IF( $D20=Mem2_,ROUNDDOWN(($Q20*Mem2単価*S20/30),0),IF( $D20=Acc1_,ROUNDDOWN(($Q20*Acc1単価*S20/30),0),IF( $D20=Acc2_,ROUNDDOWN(($Q20*Acc2単価*S20/30),0),IF( $D20=Acc3_,ROUNDDOWN(($Q20*Acc3単価*S20/30),0),"" ) ) ) ) ) ) ) ) ) ) -> 0 | W20: =IF( AND($P20=ストレージ一般解析Quota設定のみ,$Q20<=30),0,IF( AND($P20=ストレージ一般解析Quota設定のみ,$Q20>30),ROUNDDOWN(ROUNDUP($Q20/10,0)*ストレージ一般解析Quota設定のみ単価*(T20/年間日数),0),IF( AND($P20=ストレージ個人ゲノムQuota設定のみ),ROUNDDOWN(ROUNDUP($Q20/10,0)*ストレージ個人ゲノムQuota設定のみ単価*(T20/年間日数),0),IF( $D20=CPU1_,ROUNDDOWN(($Q20*CPU8単価*T20/30),0),IF( $D20=CPU2_,ROUNDDOWN(($Q20*CPU9単価*T20/30),0),IF( $D20=Mem1_,ROUNDDOWN(($Q20*Mem1単価*T20/30),0),IF( $D20=Mem2_,ROUNDDOWN(($Q20*Mem2単価*T20/30),0),IF( $D20=Acc1_,ROUNDDOWN(($Q20*Acc1単価*T20/30),0),IF( $D20=Acc2_,ROUNDDOWN(($Q20*Acc2単価*T20/30),0),IF( $D20=Acc3_,ROUNDDOWN(($Q20*Acc3単価*T20/30),0),"" ) ) ) ) ) ) ) ) ) ) -> 3000 | X20: =IF(O20="","",SUM(U20:W20)) -> 3000
A21: 46419 | B21: 46477 | C21: 計算ノード占有利用_個人ゲノム区画 | D21: Memory最適化ノードType2(1単位 = 64CPUコア 1TBメモリ) | E21: 2 | O21: =IF( AND(SUM(E21:N21)>0,OR(C21=Sheet1!$A$1,C21=Sheet1!$A$2)), CONCATENATE(SUM(E21:N21),"TB"), IF( AND(SUM(E21:N21)>0,OR(C21=Sheet1!$A$6,C21=Sheet1!$A$3,C21=Sheet1!$A$7,C21=Sheet1!$A$4),D21=Sheet1!$H$6), CONCATENATE(SUM(E21:N21),"台"), IF( AND( SUM(E21:N21)>0, OR(C21=Sheet1!$A$6,C21=Sheet1!$A$3,C21=Sheet1!$A$7,C21=Sheet1!$A$4,C21=Sheet1!$A$5), OR(D21=Sheet1!$B$6,D21=Sheet1!$C$6,D21=Sheet1!$D$6,D21=Sheet1!$E$6,D21=Sheet1!$F$6,D21=Sheet1!$G$6) ), CONCATENATE(SUM(E21:N21),"単位"), "" ) ) ) -> 2単位 | P21: =C21&D21 -> 計算ノード占有利用_個人ゲノム区画Memory最適化ノードType2(1単位 = 64CPUコア 1TBメモリ) | Q21: =SUM(E21:N21) -> 2 | R21: =IF(AND($A21<=DATE(年,4,1),$B21>=DATE(年,7,31)),DATEDIF(DATE(年,4,1),DATE(年,7,31),"d")+1,IF(AND($A21>DATE(年,4,1),$A21<=DATE(年,7,31),$B21>=DATE(年,7,31)),DATEDIF($A21,DATE(年,7,31),"d")+1,IF(AND($A21<=DATE(年,4,1),$B21>=DATE(年,4,1),$B21<=DATE(年,7,31)),DATEDIF(DATE(年,4,1),$B21,"d")+1,IF(AND($A21>=DATE(年,4,1),$A21<=DATE(年,7,31),$B21>=DATE(年,4,1),$B21<=DATE(年,7,31)),DATEDIF(A21,B21,"d")+1,0)))) -> 0 | S21: =IF(AND($A21<=DATE(年,8,1),$B21>=DATE(年,11,30)),DATEDIF(DATE(年,8,1),DATE(年,11,30),"d")+1,IF(AND($A21>DATE(年,8,1),$A21<=DATE(年,11,30),$B21>=DATE(年,11,30)),DATEDIF($A21,DATE(年,11,30),"d")+1,IF(AND($A21<=DATE(年,8,1),$B21>=DATE(年,8,1),$B21<=DATE(年,11,30)),DATEDIF(DATE(年,8,1),$B21,"d")+1,IF(AND($A21>=DATE(年,8,1),$A21<=DATE(年,11,30),$B21>=DATE(年,8,1),$B21<=DATE(年,11,30)),DATEDIF($A21,$B21,"d")+1,0)))) -> 0 | T21: =IF(AND($A21<=DATE(年,12,1),$B21>=DATE(年+1,3,31)),DATEDIF(DATE(年,12,1),DATE(年+1,3,31),"d")+1,IF(AND($A21>DATE(年,12,1),$A21<=DATE(年+1,3,31),$B21>=DATE(年+1,3,31)),DATEDIF($A21,DATE(年+1,3,31),"d")+1,IF(AND($A21<=DATE(年,12,1),$B21>=DATE(年,12,1),$B21<=DATE(年+1,3,31)),DATEDIF(DATE(年,12,1),$B21,"d")+1,IF(AND(A21>=DATE(年,12,1),$A21<=DATE(年+1,3,31),$B21>=DATE(年,12,1),$B21<=DATE(年+1,3,31)),DATEDIF($A21,$B21,"d")+1,0)))) -> 59 | U21: =IF( AND($P21=ストレージ一般解析Quota設定のみ,$Q21<=30),0,IF( AND($P21=ストレージ一般解析Quota設定のみ,$Q21>30),ROUNDDOWN(ROUNDUP($Q21/10,0)*ストレージ一般解析Quota設定のみ単価*(R21/年間日数),0),IF( AND($P21=ストレージ個人ゲノムQuota設定のみ),ROUNDDOWN(ROUNDUP($Q21/10,0)*ストレージ個人ゲノムQuota設定のみ単価*(R21/年間日数),0),IF( $D21=CPU1_,ROUNDDOWN(($Q21*CPU9単価*R21/30),0),IF( $D21=CPU2_,ROUNDDOWN(($Q21*CPU10単価*R21/30),0),IF( $D21=Mem1_,ROUNDDOWN(($Q21*Mem1単価*R21/30),0),IF( $D21=Mem2_,ROUNDDOWN(($Q21*Mem2単価*R21/30),0),IF( $D21=Acc1_,ROUNDDOWN(($Q21*Acc1単価*R21/30),0),IF( $D21=Acc2_,ROUNDDOWN(($Q21*Acc2単価*R21/30),0),IF( $D21=Acc3_,ROUNDDOWN(($Q21*Acc3単価*R21/30),0),"" ) ) ) ) ) ) ) ) ) ) -> 0 | V21: =IF( AND($P21=ストレージ一般解析Quota設定のみ,$Q21<=30),0,IF( AND($P21=ストレージ一般解析Quota設定のみ,$Q21>30),ROUNDDOWN(ROUNDUP($Q21/10,0)*ストレージ一般解析Quota設定のみ単価*(S21/年間日数),0),IF( AND($P21=ストレージ個人ゲノムQuota設定のみ),ROUNDDOWN(ROUNDUP($Q21/10,0)*ストレージ個人ゲノムQuota設定のみ単価*(S21/年間日数),0),IF( $D21=CPU1_,ROUNDDOWN(($Q21*CPU9単価*S21/30),0),IF( $D21=CPU2_,ROUNDDOWN(($Q21*CPU10単価*S21/30),0),IF( $D21=Mem1_,ROUNDDOWN(($Q21*Mem1単価*S21/30),0),IF( $D21=Mem2_,ROUNDDOWN(($Q21*Mem2単価*S21/30),0),IF( $D21=Acc1_,ROUNDDOWN(($Q21*Acc1単価*S21/30),0),IF( $D21=Acc2_,ROUNDDOWN(($Q21*Acc2単価*S21/30),0),IF( $D21=Acc3_,ROUNDDOWN(($Q21*Acc3単価*S21/30),0),"" ) ) ) ) ) ) ) ) ) ) -> 0 | W21: =IF( AND($P21=ストレージ一般解析Quota設定のみ,$Q21<=30),0,IF( AND($P21=ストレージ一般解析Quota設定のみ,$Q21>30),ROUNDDOWN(ROUNDUP($Q21/10,0)*ストレージ一般解析Quota設定のみ単価*(T21/年間日数),0),IF( AND($P21=ストレージ個人ゲノムQuota設定のみ),ROUNDDOWN(ROUNDUP($Q21/10,0)*ストレージ個人ゲノムQuota設定のみ単価*(T21/年間日数),0),IF( $D21=CPU1_,ROUNDDOWN(($Q21*CPU9単価*T21/30),0),IF( $D21=CPU2_,ROUNDDOWN(($Q21*CPU10単価*T21/30),0),IF( $D21=Mem1_,ROUNDDOWN(($Q21*Mem1単価*T21/30),0),IF( $D21=Mem2_,ROUNDDOWN(($Q21*Mem2単価*T21/30),0),IF( $D21=Acc1_,ROUNDDOWN(($Q21*Acc1単価*T21/30),0),IF( $D21=Acc2_,ROUNDDOWN(($Q21*Acc2単価*T21/30),0),IF( $D21=Acc3_,ROUNDDOWN(($Q21*Acc3単価*T21/30),0),"" ) ) ) ) ) ) ) ) ) ) -> 157333 | X21: =IF(O21="","",SUM(U21:W21)) -> 157333
A22: 46113 | B22: 46115 | C22: 計算ノードGPU専用Slurm_個人ゲノム区画 | D22: Accelerator最適化ノードType2(1単位 = 1GPU 16CPUコア 192GBメモリ) | E22: 1 | O22: =IF( AND(SUM(E22:N22)>0,OR(C22=Sheet1!$A$1,C22=Sheet1!$A$2)), CONCATENATE(SUM(E22:N22),"TB"), IF( AND(SUM(E22:N22)>0,OR(C22=Sheet1!$A$6,C22=Sheet1!$A$3,C22=Sheet1!$A$7,C22=Sheet1!$A$4),D22=Sheet1!$H$6), CONCATENATE(SUM(E22:N22),"台"), IF( AND( SUM(E22:N22)>0, OR(C22=Sheet1!$A$6,C22=Sheet1!$A$3,C22=Sheet1!$A$7,C22=Sheet1!$A$4,C22=Sheet1!$A$5), OR(D22=Sheet1!$B$6,D22=Sheet1!$C$6,D22=Sheet1!$D$6,D22=Sheet1!$E$6,D22=Sheet1!$F$6,D22=Sheet1!$G$6) ), CONCATENATE(SUM(E22:N22),"単位"), "" ) ) ) -> 1単位 | P22: =C22&D22 -> 計算ノードGPU専用Slurm_個人ゲノム区画Accelerator最適化ノードType2(1単位 = 1GPU 16CPUコア 192GBメモリ) | Q22: =SUM(E22:N22) -> 1 | R22: =IF(AND($A22<=DATE(年,4,1),$B22>=DATE(年,7,31)),DATEDIF(DATE(年,4,1),DATE(年,7,31),"d")+1,IF(AND($A22>DATE(年,4,1),$A22<=DATE(年,7,31),$B22>=DATE(年,7,31)),DATEDIF($A22,DATE(年,7,31),"d")+1,IF(AND($A22<=DATE(年,4,1),$B22>=DATE(年,4,1),$B22<=DATE(年,7,31)),DATEDIF(DATE(年,4,1),$B22,"d")+1,IF(AND($A22>=DATE(年,4,1),$A22<=DATE(年,7,31),$B22>=DATE(年,4,1),$B22<=DATE(年,7,31)),DATEDIF(A22,B22,"d")+1,0)))) -> 3 | S22: =IF(AND($A22<=DATE(年,8,1),$B22>=DATE(年,11,30)),DATEDIF(DATE(年,8,1),DATE(年,11,30),"d")+1,IF(AND($A22>DATE(年,8,1),$A22<=DATE(年,11,30),$B22>=DATE(年,11,30)),DATEDIF($A22,DATE(年,11,30),"d")+1,IF(AND($A22<=DATE(年,8,1),$B22>=DATE(年,8,1),$B22<=DATE(年,11,30)),DATEDIF(DATE(年,8,1),$B22,"d")+1,IF(AND($A22>=DATE(年,8,1),$A22<=DATE(年,11,30),$B22>=DATE(年,8,1),$B22<=DATE(年,11,30)),DATEDIF($A22,$B22,"d")+1,0)))) -> 0 | T22: =IF(AND($A22<=DATE(年,12,1),$B22>=DATE(年+1,3,31)),DATEDIF(DATE(年,12,1),DATE(年+1,3,31),"d")+1,IF(AND($A22>DATE(年,12,1),$A22<=DATE(年+1,3,31),$B22>=DATE(年+1,3,31)),DATEDIF($A22,DATE(年+1,3,31),"d")+1,IF(AND($A22<=DATE(年,12,1),$B22>=DATE(年,12,1),$B22<=DATE(年+1,3,31)),DATEDIF(DATE(年,12,1),$B22,"d")+1,IF(AND(A22>=DATE(年,12,1),$A22<=DATE(年+1,3,31),$B22>=DATE(年,12,1),$B22<=DATE(年+1,3,31)),DATEDIF($A22,$B22,"d")+1,0)))) -> 0 | U22: =IF( AND($P22=ストレージ一般解析Quota設定のみ,$Q22<=30),0,IF( AND($P22=ストレージ一般解析Quota設定のみ,$Q22>30),ROUNDDOWN(ROUNDUP($Q22/10,0)*ストレージ一般解析Quota設定のみ単価*(R22/年間日数),0),IF( AND($P22=ストレージ個人ゲノムQuota設定のみ),ROUNDDOWN(ROUNDUP($Q22/10,0)*ストレージ個人ゲノムQuota設定のみ単価*(R22/年間日数),0),IF( $D22=CPU1_,ROUNDDOWN(($Q22*CPU10単価*R22/30),0),IF( $D22=CPU2_,ROUNDDOWN(($Q22*CPU11単価*R22/30),0),IF( $D22=Mem1_,ROUNDDOWN(($Q22*Mem1単価*R22/30),0),IF( $D22=Mem2_,ROUNDDOWN(($Q22*Mem2単価*R22/30),0),IF( $D22=Acc1_,ROUNDDOWN(($Q22*Acc1単価*R22/30),0),IF( $D22=Acc2_,ROUNDDOWN(($Q22*Acc2単価*R22/30),0),IF( $D22=Acc3_,ROUNDDOWN(($Q22*Acc3単価*R22/30),0),"" ) ) ) ) ) ) ) ) ) ) -> 5625 | V22: =IF( AND($P22=ストレージ一般解析Quota設定のみ,$Q22<=30),0,IF( AND($P22=ストレージ一般解析Quota設定のみ,$Q22>30),ROUNDDOWN(ROUNDUP($Q22/10,0)*ストレージ一般解析Quota設定のみ単価*(S22/年間日数),0),IF( AND($P22=ストレージ個人ゲノムQuota設定のみ),ROUNDDOWN(ROUNDUP($Q22/10,0)*ストレージ個人ゲノムQuota設定のみ単価*(S22/年間日数),0),IF( $D22=CPU1_,ROUNDDOWN(($Q22*CPU10単価*S22/30),0),IF( $D22=CPU2_,ROUNDDOWN(($Q22*CPU11単価*S22/30),0),IF( $D22=Mem1_,ROUNDDOWN(($Q22*Mem1単価*S22/30),0),IF( $D22=Mem2_,ROUNDDOWN(($Q22*Mem2単価*S22/30),0),IF( $D22=Acc1_,ROUNDDOWN(($Q22*Acc1単価*S22/30),0),IF( $D22=Acc2_,ROUNDDOWN(($Q22*Acc2単価*S22/30),0),IF( $D22=Acc3_,ROUNDDOWN(($Q22*Acc3単価*S22/30),0),"" ) ) ) ) ) ) ) ) ) ) -> 0 | W22: =IF( AND($P22=ストレージ一般解析Quota設定のみ,$Q22<=30),0,IF( AND($P22=ストレージ一般解析Quota設定のみ,$Q22>30),ROUNDDOWN(ROUNDUP($Q22/10,0)*ストレージ一般解析Quota設定のみ単価*(T22/年間日数),0),IF( AND($P22=ストレージ個人ゲノムQuota設定のみ),ROUNDDOWN(ROUNDUP($Q22/10,0)*ストレージ個人ゲノムQuota設定のみ単価*(T22/年間日数),0),IF( $D22=CPU1_,ROUNDDOWN(($Q22*CPU10単価*T22/30),0),IF( $D22=CPU2_,ROUNDDOWN(($Q22*CPU11単価*T22/30),0),IF( $D22=Mem1_,ROUNDDOWN(($Q22*Mem1単価*T22/30),0),IF( $D22=Mem2_,ROUNDDOWN(($Q22*Mem2単価*T22/30),0),IF( $D22=Acc1_,ROUNDDOWN(($Q22*Acc1単価*T22/30),0),IF( $D22=Acc2_,ROUNDDOWN(($Q22*Acc2単価*T22/30),0),IF( $D22=Acc3_,ROUNDDOWN(($Q22*Acc3単価*T22/30),0),"" ) ) ) ) ) ) ) ) ) ) -> 0 | X22: =IF(O22="","",SUM(U22:W22)) -> 5625
O23: =IF( AND(SUM(E23:N23)>0,OR(C23=Sheet1!$A$1,C23=Sheet1!$A$2)), CONCATENATE(SUM(E23:N23),"TB"), IF( AND(SUM(E23:N23)>0,OR(C23=Sheet1!$A$6,C23=Sheet1!$A$3,C23=Sheet1!$A$7,C23=Sheet1!$A$4),D23=Sheet1!$H$6), CONCATENATE(SUM(E23:N23),"台"), IF( AND( SUM(E23:N23)>0, OR(C23=Sheet1!$A$6,C23=Sheet1!$A$3,C23=Sheet1!$A$7,C23=Sheet1!$A$4,C23=Sheet1!$A$5), OR(D23=Sheet1!$B$6,D23=Sheet1!$C$6,D23=Sheet1!$D$6,D23=Sheet1!$E$6,D23=Sheet1!$F$6,D23=Sheet1!$G$6) ), CONCATENATE(SUM(E23:N23),"単位"), "" ) ) ) | P23: =C23&D23 | Q23: =SUM(E23:N23) -> 0 | R23: =IF(AND($A23<=DATE(年,4,1),$B23>=DATE(年,7,31)),DATEDIF(DATE(年,4,1),DATE(年,7,31),"d")+1,IF(AND($A23>DATE(年,4,1),$A23<=DATE(年,7,31),$B23>=DATE(年,7,31)),DATEDIF($A23,DATE(年,7,31),"d")+1,IF(AND($A23<=DATE(年,4,1),$B23>=DATE(年,4,1),$B23<=DATE(年,7,31)),DATEDIF(DATE(年,4,1),$B23,"d")+1,IF(AND($A23>=DATE(年,4,1),$A23<=DATE(年,7,31),$B23>=DATE(年,4,1),$B23<=DATE(年,7,31)),DATEDIF(A23,B23,"d")+1,0)))) -> 0 | S23: =IF(AND($A23<=DATE(年,8,1),$B23>=DATE(年,11,30)),DATEDIF(DATE(年,8,1),DATE(年,11,30),"d")+1,IF(AND($A23>DATE(年,8,1),$A23<=DATE(年,11,30),$B23>=DATE(年,11,30)),DATEDIF($A23,DATE(年,11,30),"d")+1,IF(AND($A23<=DATE(年,8,1),$B23>=DATE(年,8,1),$B23<=DATE(年,11,30)),DATEDIF(DATE(年,8,1),$B23,"d")+1,IF(AND($A23>=DATE(年,8,1),$A23<=DATE(年,11,30),$B23>=DATE(年,8,1),$B23<=DATE(年,11,30)),DATEDIF($A23,$B23,"d")+1,0)))) -> 0 | T23: =IF(AND($A23<=DATE(年,12,1),$B23>=DATE(年+1,3,31)),DATEDIF(DATE(年,12,1),DATE(年+1,3,31),"d")+1,IF(AND($A23>DATE(年,12,1),$A23<=DATE(年+1,3,31),$B23>=DATE(年+1,3,31)),DATEDIF($A23,DATE(年+1,3,31),"d")+1,IF(AND($A23<=DATE(年,12,1),$B23>=DATE(年,12,1),$B23<=DATE(年+1,3,31)),DATEDIF(DATE(年,12,1),$B23,"d")+1,IF(AND(A23>=DATE(年,12,1),$A23<=DATE(年+1,3,31),$B23>=DATE(年,12,1),$B23<=DATE(年+1,3,31)),DATEDIF($A23,$B23,"d")+1,0)))) -> 0 | U23: =IF( AND($P23=ストレージ一般解析Quota設定のみ,$Q23<=30),0,IF( AND($P23=ストレージ一般解析Quota設定のみ,$Q23>30),ROUNDDOWN(ROUNDUP($Q23/10,0)*ストレージ一般解析Quota設定のみ単価*(R23/年間日数),0),IF( AND($P23=ストレージ個人ゲノムQuota設定のみ),ROUNDDOWN(ROUNDUP($Q23/10,0)*ストレージ個人ゲノムQuota設定のみ単価*(R23/年間日数),0),IF( $D23=CPU1_,ROUNDDOWN(($Q23*CPU11単価*R23/30),0),IF( $D23=CPU2_,ROUNDDOWN(($Q23*CPU12単価*R23/30),0),IF( $D23=Mem1_,ROUNDDOWN(($Q23*Mem1単価*R23/30),0),IF( $D23=Mem2_,ROUNDDOWN(($Q23*Mem2単価*R23/30),0),IF( $D23=Acc1_,ROUNDDOWN(($Q23*Acc1単価*R23/30),0),IF( $D23=Acc2_,ROUNDDOWN(($Q23*Acc2単価*R23/30),0),IF( $D23=Acc3_,ROUNDDOWN(($Q23*Acc3単価*R23/30),0),"" ) ) ) ) ) ) ) ) ) ) | V23: =IF( AND($P23=ストレージ一般解析Quota設定のみ,$Q23<=30),0,IF( AND($P23=ストレージ一般解析Quota設定のみ,$Q23>30),ROUNDDOWN(ROUNDUP($Q23/10,0)*ストレージ一般解析Quota設定のみ単価*(S23/年間日数),0),IF( AND($P23=ストレージ個人ゲノムQuota設定のみ),ROUNDDOWN(ROUNDUP($Q23/10,0)*ストレージ個人ゲノムQuota設定のみ単価*(S23/年間日数),0),IF( $D23=CPU1_,ROUNDDOWN(($Q23*CPU11単価*S23/30),0),IF( $D23=CPU2_,ROUNDDOWN(($Q23*CPU12単価*S23/30),0),IF( $D23=Mem1_,ROUNDDOWN(($Q23*Mem1単価*S23/30),0),IF( $D23=Mem2_,ROUNDDOWN(($Q23*Mem2単価*S23/30),0),IF( $D23=Acc1_,ROUNDDOWN(($Q23*Acc1単価*S23/30),0),IF( $D23=Acc2_,ROUNDDOWN(($Q23*Acc2単価*S23/30),0),IF( $D23=Acc3_,ROUNDDOWN(($Q23*Acc3単価*S23/30),0),"" ) ) ) ) ) ) ) ) ) ) | W23: =IF( AND($P23=ストレージ一般解析Quota設定のみ,$Q23<=30),0,IF( AND($P23=ストレージ一般解析Quota設定のみ,$Q23>30),ROUNDDOWN(ROUNDUP($Q23/10,0)*ストレージ一般解析Quota設定のみ単価*(T23/年間日数),0),IF( AND($P23=ストレージ個人ゲノムQuota設定のみ),ROUNDDOWN(ROUNDUP($Q23/10,0)*ストレージ個人ゲノムQuota設定のみ単価*(T23/年間日数),0),IF( $D23=CPU1_,ROUNDDOWN(($Q23*CPU11単価*T23/30),0),IF( $D23=CPU2_,ROUNDDOWN(($Q23*CPU12単価*T23/30),0),IF( $D23=Mem1_,ROUNDDOWN(($Q23*Mem1単価*T23/30),0),IF( $D23=Mem2_,ROUNDDOWN(($Q23*Mem2単価*T23/30),0),IF( $D23=Acc1_,ROUNDDOWN(($Q23*Acc1単価*T23/30),0),IF( $D23=Acc2_,ROUNDDOWN(($Q23*Acc2単価*T23/30),0),IF( $D23=Acc3_,ROUNDDOWN(($Q23*Acc3単価*T23/30),0),"" ) ) ) ) ) ) ) ) ) ) | X23: =IF(O23="","",SUM(U23:W23))
O24: =IF( AND(SUM(E24:N24)>0,OR(C24=Sheet1!$A$1,C24=Sheet1!$A$2)), CONCATENATE(SUM(E24:N24),"TB"), IF( AND(SUM(E24:N24)>0,OR(C24=Sheet1!$A$6,C24=Sheet1!$A$3,C24=Sheet1!$A$7,C24=Sheet1!$A$4),D24=Sheet1!$H$6), CONCATENATE(SUM(E24:N24),"台"), IF( AND( SUM(E24:N24)>0, OR(C24=Sheet1!$A$6,C24=Sheet1!$A$3,C24=Sheet1!$A$7,C24=Sheet1!$A$4,C24=Sheet1!$A$5), OR(D24=Sheet1!$B$6,D24=Sheet1!$C$6,D24=Sheet1!$D$6,D24=Sheet1!$E$6,D24=Sheet1!$F$6,D24=Sheet1!$G$6) ), CONCATENATE(SUM(E24:N24),"単位"), "" ) ) ) | P24: =C24&D24 | Q24: =SUM(E24:N24) -> 0 | R24: =IF(AND($A24<=DATE(年,4,1),$B24>=DATE(年,7,31)),DATEDIF(DATE(年,4,1),DATE(年,7,31),"d")+1,IF(AND($A24>DATE(年,4,1),$A24<=DATE(年,7,31),$B24>=DATE(年,7,31)),DATEDIF($A24,DATE(年,7,31),"d")+1,IF(AND($A24<=DATE(年,4,1),$B24>=DATE(年,4,1),$B24<=DATE(年,7,31)),DATEDIF(DATE(年,4,1),$B24,"d")+1,IF(AND($A24>=DATE(年,4,1),$A24<=DATE(年,7,31),$B24>=DATE(年,4,1),$B24<=DATE(年,7,31)),DATEDIF(A24,B24,"d")+1,0)))) -> 0 | S24: =IF(AND($A24<=DATE(年,8,1),$B24>=DATE(年,11,30)),DATEDIF(DATE(年,8,1),DATE(年,11,30),"d")+1,IF(AND($A24>DATE(年,8,1),$A24<=DATE(年,11,30),$B24>=DATE(年,11,30)),DATEDIF($A24,DATE(年,11,30),"d")+1,IF(AND($A24<=DATE(年,8,1),$B24>=DATE(年,8,1),$B24<=DATE(年,11,30)),DATEDIF(DATE(年,8,1),$B24,"d")+1,IF(AND($A24>=DATE(年,8,1),$A24<=DATE(年,11,30),$B24>=DATE(年,8,1),$B24<=DATE(年,11,30)),DATEDIF($A24,$B24,"d")+1,0)))) -> 0 | T24: =IF(AND($A24<=DATE(年,12,1),$B24>=DATE(年+1,3,31)),DATEDIF(DATE(年,12,1),DATE(年+1,3,31),"d")+1,IF(AND($A24>DATE(年,12,1),$A24<=DATE(年+1,3,31),$B24>=DATE(年+1,3,31)),DATEDIF($A24,DATE(年+1,3,31),"d")+1,IF(AND($A24<=DATE(年,12,1),$B24>=DATE(年,12,1),$B24<=DATE(年+1,3,31)),DATEDIF(DATE(年,12,1),$B24,"d")+1,IF(AND(A24>=DATE(年,12,1),$A24<=DATE(年+1,3,31),$B24>=DATE(年,12,1),$B24<=DATE(年+1,3,31)),DATEDIF($A24,$B24,"d")+1,0)))) -> 0 | U24: =IF( AND($P24=ストレージ一般解析Quota設定のみ,$Q24<=30),0,IF( AND($P24=ストレージ一般解析Quota設定のみ,$Q24>30),ROUNDDOWN(ROUNDUP($Q24/10,0)*ストレージ一般解析Quota設定のみ単価*(R24/年間日数),0),IF( AND($P24=ストレージ個人ゲノムQuota設定のみ),ROUNDDOWN(ROUNDUP($Q24/10,0)*ストレージ個人ゲノムQuota設定のみ単価*(R24/年間日数),0),IF( $D24=CPU1_,ROUNDDOWN(($Q24*CPU12単価*R24/30),0),IF( $D24=CPU2_,ROUNDDOWN(($Q24*CPU13単価*R24/30),0),IF( $D24=Mem1_,ROUNDDOWN(($Q24*Mem1単価*R24/30),0),IF( $D24=Mem2_,ROUNDDOWN(($Q24*Mem2単価*R24/30),0),IF( $D24=Acc1_,ROUNDDOWN(($Q24*Acc1単価*R24/30),0),IF( $D24=Acc2_,ROUNDDOWN(($Q24*Acc2単価*R24/30),0),IF( $D24=Acc3_,ROUNDDOWN(($Q24*Acc3単価*R24/30),0),"" ) ) ) ) ) ) ) ) ) ) | V24: =IF( AND($P24=ストレージ一般解析Quota設定のみ,$Q24<=30),0,IF( AND($P24=ストレージ一般解析Quota設定のみ,$Q24>30),ROUNDDOWN(ROUNDUP($Q24/10,0)*ストレージ一般解析Quota設定のみ単価*(S24/年間日数),0),IF( AND($P24=ストレージ個人ゲノムQuota設定のみ),ROUNDDOWN(ROUNDUP($Q24/10,0)*ストレージ個人ゲノムQuota設定のみ単価*(S24/年間日数),0),IF( $D24=CPU1_,ROUNDDOWN(($Q24*CPU12単価*S24/30),0),IF( $D24=CPU2_,ROUNDDOWN(($Q24*CPU13単価*S24/30),0),IF( $D24=Mem1_,ROUNDDOWN(($Q24*Mem1単価*S24/30),0),IF( $D24=Mem2_,ROUNDDOWN(($Q24*Mem2単価*S24/30),0),IF( $D24=Acc1_,ROUNDDOWN(($Q24*Acc1単価*S24/30),0),IF( $D24=Acc2_,ROUNDDOWN(($Q24*Acc2単価*S24/30),0),IF( $D24=Acc3_,ROUNDDOWN(($Q24*Acc3単価*S24/30),0),"" ) ) ) ) ) ) ) ) ) ) | W24: =IF( AND($P24=ストレージ一般解析Quota設定のみ,$Q24<=30),0,IF( AND($P24=ストレージ一般解析Quota設定のみ,$Q24>30),ROUNDDOWN(ROUNDUP($Q24/10,0)*ストレージ一般解析Quota設定のみ単価*(T24/年間日数),0),IF( AND($P24=ストレージ個人ゲノムQuota設定のみ),ROUNDDOWN(ROUNDUP($Q24/10,0)*ストレージ個人ゲノムQuota設定のみ単価*(T24/年間日数),0),IF( $D24=CPU1_,ROUNDDOWN(($Q24*CPU12単価*T24/30),0),IF( $D24=CPU2_,ROUNDDOWN(($Q24*CPU13単価*T24/30),0),IF( $D24=Mem1_,ROUNDDOWN(($Q24*Mem1単価*T24/30),0),IF( $D24=Mem2_,ROUNDDOWN(($Q24*Mem2単価*T24/30),0),IF( $D24=Acc1_,ROUNDDOWN(($Q24*Acc1単価*T24/30),0),IF( $D24=Acc2_,ROUNDDOWN(($Q24*Acc2単価*T24/30),0),IF( $D24=Acc3_,ROUNDDOWN(($Q24*Acc3単価*T24/30),0),"" ) ) ) ) ) ) ) ) ) ) | X24: =IF(O24="","",SUM(U24:W24))
O25: =IF( AND(SUM(E25:N25)>0,OR(C25=Sheet1!$A$1,C25=Sheet1!$A$2)), CONCATENATE(SUM(E25:N25),"TB"), IF( AND(SUM(E25:N25)>0,OR(C25=Sheet1!$A$6,C25=Sheet1!$A$3,C25=Sheet1!$A$7,C25=Sheet1!$A$4),D25=Sheet1!$H$6), CONCATENATE(SUM(E25:N25),"台"), IF( AND( SUM(E25:N25)>0, OR(C25=Sheet1!$A$6,C25=Sheet1!$A$3,C25=Sheet1!$A$7,C25=Sheet1!$A$4,C25=Sheet1!$A$5), OR(D25=Sheet1!$B$6,D25=Sheet1!$C$6,D25=Sheet1!$D$6,D25=Sheet1!$E$6,D25=Sheet1!$F$6,D25=Sheet1!$G$6) ), CONCATENATE(SUM(E25:N25),"単位"), "" ) ) ) | P25: =C25&D25 | Q25: =SUM(E25:N25) -> 0 | R25: =IF(AND($A25<=DATE(年,4,1),$B25>=DATE(年,7,31)),DATEDIF(DATE(年,4,1),DATE(年,7,31),"d")+1,IF(AND($A25>DATE(年,4,1),$A25<=DATE(年,7,31),$B25>=DATE(年,7,31)),DATEDIF($A25,DATE(年,7,31),"d")+1,IF(AND($A25<=DATE(年,4,1),$B25>=DATE(年,4,1),$B25<=DATE(年,7,31)),DATEDIF(DATE(年,4,1),$B25,"d")+1,IF(AND($A25>=DATE(年,4,1),$A25<=DATE(年,7,31),$B25>=DATE(年,4,1),$B25<=DATE(年,7,31)),DATEDIF(A25,B25,"d")+1,0)))) -> 0 | S25: =IF(AND($A25<=DATE(年,8,1),$B25>=DATE(年,11,30)),DATEDIF(DATE(年,8,1),DATE(年,11,30),"d")+1,IF(AND($A25>DATE(年,8,1),$A25<=DATE(年,11,30),$B25>=DATE(年,11,30)),DATEDIF($A25,DATE(年,11,30),"d")+1,IF(AND($A25<=DATE(年,8,1),$B25>=DATE(年,8,1),$B25<=DATE(年,11,30)),DATEDIF(DATE(年,8,1),$B25,"d")+1,IF(AND($A25>=DATE(年,8,1),$A25<=DATE(年,11,30),$B25>=DATE(年,8,1),$B25<=DATE(年,11,30)),DATEDIF($A25,$B25,"d")+1,0)))) -> 0 | T25: =IF(AND($A25<=DATE(年,12,1),$B25>=DATE(年+1,3,31)),DATEDIF(DATE(年,12,1),DATE(年+1,3,31),"d")+1,IF(AND($A25>DATE(年,12,1),$A25<=DATE(年+1,3,31),$B25>=DATE(年+1,3,31)),DATEDIF($A25,DATE(年+1,3,31),"d")+1,IF(AND($A25<=DATE(年,12,1),$B25>=DATE(年,12,1),$B25<=DATE(年+1,3,31)),DATEDIF(DATE(年,12,1),$B25,"d")+1,IF(AND(A25>=DATE(年,12,1),$A25<=DATE(年+1,3,31),$B25>=DATE(年,12,1),$B25<=DATE(年+1,3,31)),DATEDIF($A25,$B25,"d")+1,0)))) -> 0 | U25: =IF( AND($P25=ストレージ一般解析Quota設定のみ,$Q25<=30),0,IF( AND($P25=ストレージ一般解析Quota設定のみ,$Q25>30),ROUNDDOWN(ROUNDUP($Q25/10,0)*ストレージ一般解析Quota設定のみ単価*(R25/年間日数),0),IF( AND($P25=ストレージ個人ゲノムQuota設定のみ),ROUNDDOWN(ROUNDUP($Q25/10,0)*ストレージ個人ゲノムQuota設定のみ単価*(R25/年間日数),0),IF( $D25=CPU1_,ROUNDDOWN(($Q25*CPU13単価*R25/30),0),IF( $D25=CPU2_,ROUNDDOWN(($Q25*CPU14単価*R25/30),0),IF( $D25=Mem1_,ROUNDDOWN(($Q25*Mem1単価*R25/30),0),IF( $D25=Mem2_,ROUNDDOWN(($Q25*Mem2単価*R25/30),0),IF( $D25=Acc1_,ROUNDDOWN(($Q25*Acc1単価*R25/30),0),IF( $D25=Acc2_,ROUNDDOWN(($Q25*Acc2単価*R25/30),0),IF( $D25=Acc3_,ROUNDDOWN(($Q25*Acc3単価*R25/30),0),"" ) ) ) ) ) ) ) ) ) ) | V25: =IF( AND($P25=ストレージ一般解析Quota設定のみ,$Q25<=30),0,IF( AND($P25=ストレージ一般解析Quota設定のみ,$Q25>30),ROUNDDOWN(ROUNDUP($Q25/10,0)*ストレージ一般解析Quota設定のみ単価*(S25/年間日数),0),IF( AND($P25=ストレージ個人ゲノムQuota設定のみ),ROUNDDOWN(ROUNDUP($Q25/10,0)*ストレージ個人ゲノムQuota設定のみ単価*(S25/年間日数),0),IF( $D25=CPU1_,ROUNDDOWN(($Q25*CPU13単価*S25/30),0),IF( $D25=CPU2_,ROUNDDOWN(($Q25*CPU14単価*S25/30),0),IF( $D25=Mem1_,ROUNDDOWN(($Q25*Mem1単価*S25/30),0),IF( $D25=Mem2_,ROUNDDOWN(($Q25*Mem2単価*S25/30),0),IF( $D25=Acc1_,ROUNDDOWN(($Q25*Acc1単価*S25/30),0),IF( $D25=Acc2_,ROUNDDOWN(($Q25*Acc2単価*S25/30),0),IF( $D25=Acc3_,ROUNDDOWN(($Q25*Acc3単価*S25/30),0),"" ) ) ) ) ) ) ) ) ) ) | W25: =IF( AND($P25=ストレージ一般解析Quota設定のみ,$Q25<=30),0,IF( AND($P25=ストレージ一般解析Quota設定のみ,$Q25>30),ROUNDDOWN(ROUNDUP($Q25/10,0)*ストレージ一般解析Quota設定のみ単価*(T25/年間日数),0),IF( AND($P25=ストレージ個人ゲノムQuota設定のみ),ROUNDDOWN(ROUNDUP($Q25/10,0)*ストレージ個人ゲノムQuota設定のみ単価*(T25/年間日数),0),IF( $D25=CPU1_,ROUNDDOWN(($Q25*CPU13単価*T25/30),0),IF( $D25=CPU2_,ROUNDDOWN(($Q25*CPU14単価*T25/30),0),IF( $D25=Mem1_,ROUNDDOWN(($Q25*Mem1単価*T25/30),0),IF( $D25=Mem2_,ROUNDDOWN(($Q25*Mem2単価*T25/30),0),IF( $D25=Acc1_,ROUNDDOWN(($Q25*Acc1単価*T25/30),0),IF( $D25=Acc2_,ROUNDDOWN(($Q25*Acc2単価*T25/30),0),IF( $D25=Acc3_,ROUNDDOWN(($Q25*Acc3単価*T25/30),0),"" ) ) ) ) ) ) ) ) ) ) | X25: =IF(O25="","",SUM(U25:W25))
O26: =IF( AND(SUM(E26:N26)>0,OR(C26=Sheet1!$A$1,C26=Sheet1!$A$2)), CONCATENATE(SUM(E26:N26),"TB"), IF( AND(SUM(E26:N26)>0,OR(C26=Sheet1!$A$6,C26=Sheet1!$A$3,C26=Sheet1!$A$7,C26=Sheet1!$A$4),D26=Sheet1!$H$6), CONCATENATE(SUM(E26:N26),"台"), IF( AND( SUM(E26:N26)>0, OR(C26=Sheet1!$A$6,C26=Sheet1!$A$3,C26=Sheet1!$A$7,C26=Sheet1!$A$4,C26=Sheet1!$A$5), OR(D26=Sheet1!$B$6,D26=Sheet1!$C$6,D26=Sheet1!$D$6,D26=Sheet1!$E$6,D26=Sheet1!$F$6,D26=Sheet1!$G$6) ), CONCATENATE(SUM(E26:N26),"単位"), "" ) ) ) | P26: =C26&D26 | Q26: =SUM(E26:N26) -> 0 | R26: =IF(AND($A26<=DATE(年,4,1),$B26>=DATE(年,7,31)),DATEDIF(DATE(年,4,1),DATE(年,7,31),"d")+1,IF(AND($A26>DATE(年,4,1),$A26<=DATE(年,7,31),$B26>=DATE(年,7,31)),DATEDIF($A26,DATE(年,7,31),"d")+1,IF(AND($A26<=DATE(年,4,1),$B26>=DATE(年,4,1),$B26<=DATE(年,7,31)),DATEDIF(DATE(年,4,1),$B26,"d")+1,IF(AND($A26>=DATE(年,4,1),$A26<=DATE(年,7,31),$B26>=DATE(年,4,1),$B26<=DATE(年,7,31)),DATEDIF(A26,B26,"d")+1,0)))) -> 0 | S26: =IF(AND($A26<=DATE(年,8,1),$B26>=DATE(年,11,30)),DATEDIF(DATE(年,8,1),DATE(年,11,30),"d")+1,IF(AND($A26>DATE(年,8,1),$A26<=DATE(年,11,30),$B26>=DATE(年,11,30)),DATEDIF($A26,DATE(年,11,30),"d")+1,IF(AND($A26<=DATE(年,8,1),$B26>=DATE(年,8,1),$B26<=DATE(年,11,30)),DATEDIF(DATE(年,8,1),$B26,"d")+1,IF(AND($A26>=DATE(年,8,1),$A26<=DATE(年,11,30),$B26>=DATE(年,8,1),$B26<=DATE(年,11,30)),DATEDIF($A26,$B26,"d")+1,0)))) -> 0 | T26: =IF(AND($A26<=DATE(年,12,1),$B26>=DATE(年+1,3,31)),DATEDIF(DATE(年,12,1),DATE(年+1,3,31),"d")+1,IF(AND($A26>DATE(年,12,1),$A26<=DATE(年+1,3,31),$B26>=DATE(年+1,3,31)),DATEDIF($A26,DATE(年+1,3,31),"d")+1,IF(AND($A26<=DATE(年,12,1),$B26>=DATE(年,12,1),$B26<=DATE(年+1,3,31)),DATEDIF(DATE(年,12,1),$B26,"d")+1,IF(AND(A26>=DATE(年,12,1),$A26<=DATE(年+1,3,31),$B26>=DATE(年,12,1),$B26<=DATE(年+1,3,31)),DATEDIF($A26,$B26,"d")+1,0)))) -> 0 | U26: =IF( AND($P26=ストレージ一般解析Quota設定のみ,$Q26<=30),0,IF( AND($P26=ストレージ一般解析Quota設定のみ,$Q26>30),ROUNDDOWN(ROUNDUP($Q26/10,0)*ストレージ一般解析Quota設定のみ単価*(R26/年間日数),0),IF( AND($P26=ストレージ個人ゲノムQuota設定のみ),ROUNDDOWN(ROUNDUP($Q26/10,0)*ストレージ個人ゲノムQuota設定のみ単価*(R26/年間日数),0),IF( $D26=CPU1_,ROUNDDOWN(($Q26*CPU14単価*R26/30),0),IF( $D26=CPU2_,ROUNDDOWN(($Q26*CPU15単価*R26/30),0),IF( $D26=Mem1_,ROUNDDOWN(($Q26*Mem1単価*R26/30),0),IF( $D26=Mem2_,ROUNDDOWN(($Q26*Mem2単価*R26/30),0),IF( $D26=Acc1_,ROUNDDOWN(($Q26*Acc1単価*R26/30),0),IF( $D26=Acc2_,ROUNDDOWN(($Q26*Acc2単価*R26/30),0),IF( $D26=Acc3_,ROUNDDOWN(($Q26*Acc3単価*R26/30),0),"" ) ) ) ) ) ) ) ) ) ) | V26: =IF( AND($P26=ストレージ一般解析Quota設定のみ,$Q26<=30),0,IF( AND($P26=ストレージ一般解析Quota設定のみ,$Q26>30),ROUNDDOWN(ROUNDUP($Q26/10,0)*ストレージ一般解析Quota設定のみ単価*(S26/年間日数),0),IF( AND($P26=ストレージ個人ゲノムQuota設定のみ),ROUNDDOWN(ROUNDUP($Q26/10,0)*ストレージ個人ゲノムQuota設定のみ単価*(S26/年間日数),0),IF( $D26=CPU1_,ROUNDDOWN(($Q26*CPU14単価*S26/30),0),IF( $D26=CPU2_,ROUNDDOWN(($Q26*CPU15単価*S26/30),0),IF( $D26=Mem1_,ROUNDDOWN(($Q26*Mem1単価*S26/30),0),IF( $D26=Mem2_,ROUNDDOWN(($Q26*Mem2単価*S26/30),0),IF( $D26=Acc1_,ROUNDDOWN(($Q26*Acc1単価*S26/30),0),IF( $D26=Acc2_,ROUNDDOWN(($Q26*Acc2単価*S26/30),0),IF( $D26=Acc3_,ROUNDDOWN(($Q26*Acc3単価*S26/30),0),"" ) ) ) ) ) ) ) ) ) ) | W26: =IF( AND($P26=ストレージ一般解析Quota設定のみ,$Q26<=30),0,IF( AND($P26=ストレージ一般解析Quota設定のみ,$Q26>30),ROUNDDOWN(ROUNDUP($Q26/10,0)*ストレージ一般解析Quota設定のみ単価*(T26/年間日数),0),IF( AND($P26=ストレージ個人ゲノムQuota設定のみ),ROUNDDOWN(ROUNDUP($Q26/10,0)*ストレージ個人ゲノムQuota設定のみ単価*(T26/年間日数),0),IF( $D26=CPU1_,ROUNDDOWN(($Q26*CPU14単価*T26/30),0),IF( $D26=CPU2_,ROUNDDOWN(($Q26*CPU15単価*T26/30),0),IF( $D26=Mem1_,ROUNDDOWN(($Q26*Mem1単価*T26/30),0),IF( $D26=Mem2_,ROUNDDOWN(($Q26*Mem2単価*T26/30),0),IF( $D26=Acc1_,ROUNDDOWN(($Q26*Acc1単価*T26/30),0),IF( $D26=Acc2_,ROUNDDOWN(($Q26*Acc2単価*T26/30),0),IF( $D26=Acc3_,ROUNDDOWN(($Q26*Acc3単価*T26/30),0),"" ) ) ) ) ) ) ) ) ) ) | X26: =IF(O26="","",SUM(U26:W26))
A27: 計算ノード優先利用_一般解析区画 料金合計 | U27: =SUMIFS(U12:U26,$C12:$C26,Sheet1!$A$6) -> 0 | V27: =SUMIFS(V12:V26,$C12:$C26,Sheet1!$A$6) -> 0 | W27: =SUMIFS(W12:W26,$C12:$C26,Sheet1!$A$6) -> 0 | X27: =SUM(U27:W27) -> 0
A28: 計算ノード占有利用_一般解析区画 料金合計 | U28: =SUMIFS(U12:U26,$C12:$C26,Sheet1!$A$3) -> 1000 | V28: =SUMIFS(V12:V26,$C12:$C26,Sheet1!$A$3) -> 82666 | W28: =SUMIFS(W12:W26,$C12:$C26,Sheet1!$A$3) -> 0 | X28: =SUM(U28:W28) -> 83666
A29: 計算ノード優先利用_個人ゲノム区画 料金合計 | U29: =SUMIFS(U12:U26,$C12:$C26,Sheet1!$A$7) -> 0 | V29: =SUMIFS(V12:V26,$C12:$C26,Sheet1!$A$7) -> 0 | W29: =SUMIFS(W12:W26,$C12:$C26,Sheet1!$A$7) -> 0 | X29: =SUM(U29:W29) -> 0
A30: 計算ノード占有利用_個人ゲノム区画 料金合計 | U30: =SUMIFS(U12:U26,$C12:$C26,Sheet1!$A$4) -> 0 | V30: =SUMIFS(V12:V26,$C12:$C26,Sheet1!$A$4) -> 0 | W30: =SUMIFS(W12:W26,$C12:$C26,Sheet1!$A$4) -> 163333 | X30: =SUM(U30:W30) -> 163333
A31: 計算ノードGPU専用Slurm_個人ゲノム区画 料金合計 | U31: =SUMIFS(U12:U26,$C12:$C26,Sheet1!$A$5) -> 5625 | V31: =SUMIFS(V12:V26,$C12:$C26,Sheet1!$A$5) -> 0 | W31: =SUMIFS(W12:W26,$C12:$C26,Sheet1!$A$5) -> 0 | X31: =SUM(U31:W31) -> 5625
A32: ストレージ大規模利用_一般解析区画 - Quota設定のみ 料金合計 | U32: =SUMIFS(U12:U26,$C12:$C26,Sheet1!$A$1,$D12:$D26,Sheet1!$B$1) -> 120328 | V32: =SUMIFS(V12:V26,$C12:$C26,Sheet1!$A$1,$D12:$D26,Sheet1!$B$1) -> 120328 | W32: =SUMIFS(W12:W26,$C12:$C26,Sheet1!$A$1,$D12:$D26,Sheet1!$B$1) -> 119342 | X32: =SUM(U32:W32) -> 359998
A33: ストレージ大規模利用_個人ゲノム区画 - Quota設定のみ 料金合計 | U33: =SUMIFS(U12:U26,$C12:$C26,Sheet1!$A$2,$D12:$D26,Sheet1!$B$2) -> 120328 | V33: =SUMIFS(V12:V26,$C12:$C26,Sheet1!$A$2,$D12:$D26,Sheet1!$B$2) -> 94136 | W33: =SUMIFS(W12:W26,$C12:$C26,Sheet1!$A$2,$D12:$D26,Sheet1!$B$2) -> 108493 | X33: =SUM(U33:W33) -> 322957
A34: 消費税 | U34: =ROUNDDOWN(SUM(U12:U26)*(消費税-1),0) -> 24728 | V34: =ROUNDDOWN(SUM(V12:V26)*(消費税-1),0) -> 29713 | W34: =ROUNDDOWN(SUM(W12:W26)*(消費税-1),0) -> 39116 | X34: =SUM(U34:W34) -> 93557
A35: 料金合計 | U35: =SUM(U12:U26)+U34 -> 272009 | V35: =SUM(V12:V26)+V34 -> 326843 | W35: =SUM(W12:W26)+W34 -> 430284 | X35: =SUM(X12:X26)+X34 -> 1029136

Sheet 記入例(グループQuota版)
A1: 2025 | B1: 料金試算表
A2: 一般解析区画を利用し、ストレージ利用量が責任者あたりの合計で30TB以下の場合は無料となります。
A4: 申請日： 2026/03/31
A5: 責任者名： 鈴木太郎
A6: 責任者アカウント： taro
A7: 責任者所属： 国立遺伝学研究所
A8: 開始日 | B8: 終了日 | C8: サービス | D8: 種別 | E8: アカウント名またはグループ名 | O8: リソース量合計 | P8: サービス種別 | Q8: リソース量合計 | R8: 第一期日数 | S8: 第二期日数 | T8: 第三期日数 | U8: 第一期料金 (消費税抜き) | V8: 第二期料金 (消費税抜き) | W8: 第三期料金 (消費税抜き) | X8: 合計
E9: 氏名
E10: taro-group1 | F10: taro-group2
E11: 鈴木太郎 | F11: 鈴木太郎
A12: 46113 | B12: 46295 | C12: ストレージ大規模利用_一般解析区画 | D12: Quota設定のみ | E12: 90 | F12: 20 | O12: =IF( AND(SUM(E12:N12)>0,OR(C12=Sheet1!$A$1,C12=Sheet1!$A$2)), CONCATENATE(SUM(E12:N12),"TB"), IF( AND(SUM(E12:N12)>0,OR(C12=Sheet1!$A$6,C12=Sheet1!$A$3,C12=Sheet1!$A$7,C12=Sheet1!$A$4),D12=Sheet1!$H$6), CONCATENATE(SUM(E12:N12),"台"), IF( AND( SUM(E12:N12)>0, OR(C12=Sheet1!$A$6,C12=Sheet1!$A$3,C12=Sheet1!$A$7,C12=Sheet1!$A$4,C12=Sheet1!$A$5), OR(D12=Sheet1!$B$6,D12=Sheet1!$C$6,D12=Sheet1!$D$6,D12=Sheet1!$E$6,D12=Sheet1!$F$6,D12=Sheet1!$G$6) ), CONCATENATE(SUM(E12:N12),"単位"), "" ) ) ) -> 110TB | P12: =C12&D12 -> ストレージ大規模利用_一般解析区画Quota設定のみ | Q12: =SUM(E12:N12) -> 110 | R12: =IF(AND($A12<=DATE(年,4,1),$B12>=DATE(年,7,31)),DATEDIF(DATE(年,4,1),DATE(年,7,31),"d")+1,IF(AND($A12>DATE(年,4,1),$A12<=DATE(年,7,31),$B12>=DATE(年,7,31)),DATEDIF($A12,DATE(年,7,31),"d")+1,IF(AND($A12<=DATE(年,4,1),$B12>=DATE(年,4,1),$B12<=DATE(年,7,31)),DATEDIF(DATE(年,4,1),$B12,"d")+1,IF(AND($A12>=DATE(年,4,1),$A12<=DATE(年,7,31),$B12>=DATE(年,4,1),$B12<=DATE(年,7,31)),DATEDIF(A12,B12,"d")+1,0)))) -> 122 | S12: =IF(AND($A12<=DATE(年,8,1),$B12>=DATE(年,11,30)),DATEDIF(DATE(年,8,1),DATE(年,11,30),"d")+1,IF(AND($A12>DATE(年,8,1),$A12<=DATE(年,11,30),$B12>=DATE(年,11,30)),DATEDIF($A12,DATE(年,11,30),"d")+1,IF(AND($A12<=DATE(年,8,1),$B12>=DATE(年,8,1),$B12<=DATE(年,11,30)),DATEDIF(DATE(年,8,1),$B12,"d")+1,IF(AND($A12>=DATE(年,8,1),$A12<=DATE(年,11,30),$B12>=DATE(年,8,1),$B12<=DATE(年,11,30)),DATEDIF($A12,$B12,"d")+1,0)))) -> 61 | T12: =IF(AND($A12<=DATE(年,12,1),$B12>=DATE(年+1,3,31)),DATEDIF(DATE(年,12,1),DATE(年+1,3,31),"d")+1,IF(AND($A12>DATE(年,12,1),$A12<=DATE(年+1,3,31),$B12>=DATE(年+1,3,31)),DATEDIF($A12,DATE(年+1,3,31),"d")+1,IF(AND($A12<=DATE(年,12,1),$B12>=DATE(年,12,1),$B12<=DATE(年+1,3,31)),DATEDIF(DATE(年,12,1),$B12,"d")+1,IF(AND(A12>=DATE(年,12,1),$A12<=DATE(年+1,3,31),$B12>=DATE(年,12,1),$B12<=DATE(年+1,3,31)),DATEDIF($A12,$B12,"d")+1,0)))) -> 0 | U12: =IF( AND($P12=ストレージ一般解析Quota設定のみ,$Q12<=30),0,IF( AND($P12=ストレージ一般解析Quota設定のみ,$Q12>30),ROUNDDOWN(ROUNDUP($Q12/10,0)*ストレージ一般解析Quota設定のみ単価*(R12/年間日数),0),IF( AND($P12=ストレージ個人ゲノムQuota設定のみ),ROUNDDOWN(ROUNDUP($Q12/10,0)*ストレージ個人ゲノムQuota設定のみ単価*(R12/年間日数),0),IF( $D12=CPU1_,ROUNDDOWN(($Q12*CPU1単価*R12/30),0),IF( $D12=CPU2_,ROUNDDOWN(($Q12*CPU2単価*R12/30),0),IF( $D12=Mem1_,ROUNDDOWN(($Q12*Mem1単価*R12/30),0),IF( $D12=Mem2_,ROUNDDOWN(($Q12*Mem2単価*R12/30),0),IF( $D12=Acc1_,ROUNDDOWN(($Q12*Acc1単価*R12/30),0),IF( $D12=Acc2_,ROUNDDOWN(($Q12*Acc2単価*R12/30),0),IF( $D12=Acc3_,ROUNDDOWN(($Q12*Acc3単価*R12/30),0),"" ) ) ) ) ) ) ) ) ) ) -> 147068 | V12: =IF( AND($P12=ストレージ一般解析Quota設定のみ,$Q12<=30),0,IF( AND($P12=ストレージ一般解析Quota設定のみ,$Q12>30),ROUNDDOWN(ROUNDUP($Q12/10,0)*ストレージ一般解析Quota設定のみ単価*(S12/年間日数),0),IF( AND($P12=ストレージ個人ゲノムQuota設定のみ),ROUNDDOWN(ROUNDUP($Q12/10,0)*ストレージ個人ゲノムQuota設定のみ単価*(S12/年間日数),0),IF( $D12=CPU1_,ROUNDDOWN(($Q12*CPV1単価*S12/30),0),IF( $D12=CPU2_,ROUNDDOWN(($Q12*CPV2単価*S12/30),0),IF( $D12=Mem1_,ROUNDDOWN(($Q12*Mem1単価*S12/30),0),IF( $D12=Mem2_,ROUNDDOWN(($Q12*Mem2単価*S12/30),0),IF( $D12=Acc1_,ROUNDDOWN(($Q12*Acc1単価*S12/30),0),IF( $D12=Acc2_,ROUNDDOWN(($Q12*Acc2単価*S12/30),0),IF( $D12=Acc3_,ROUNDDOWN(($Q12*Acc3単価*S12/30),0),"" ) ) ) ) ) ) ) ) ) ) -> 73534 | W12: =IF( AND($P12=ストレージ一般解析Quota設定のみ,$Q12<=30),0,IF( AND($P12=ストレージ一般解析Quota設定のみ,$Q12>30),ROUNDDOWN(ROUNDUP($Q12/10,0)*ストレージ一般解析Quota設定のみ単価*(T12/年間日数),0),IF( AND($P12=ストレージ個人ゲノムQuota設定のみ),ROUNDDOWN(ROUNDUP($Q12/10,0)*ストレージ個人ゲノムQuota設定のみ単価*(T12/年間日数),0),IF( $D12=CPU1_,ROUNDDOWN(($Q12*CPW1単価*T12/30),0),IF( $D12=CPU2_,ROUNDDOWN(($Q12*CPW2単価*T12/30),0),IF( $D12=Mem1_,ROUNDDOWN(($Q12*Mem1単価*T12/30),0),IF( $D12=Mem2_,ROUNDDOWN(($Q12*Mem2単価*T12/30),0),IF( $D12=Acc1_,ROUNDDOWN(($Q12*Acc1単価*T12/30),0),IF( $D12=Acc2_,ROUNDDOWN(($Q12*Acc2単価*T12/30),0),IF( $D12=Acc3_,ROUNDDOWN(($Q12*Acc3単価*T12/30),0),"" ) ) ) ) ) ) ) ) ) ) -> 0 | X12: =IF(O12="","",SUM(U12:W12)) -> 220602
A13: 46296 | B13: 46477 | C13: ストレージ大規模利用_一般解析区画 | D13: Quota設定のみ | E13: 90 | F13: 30 | O13: =IF( AND(SUM(E13:N13)>0,OR(C13=Sheet1!$A$1,C13=Sheet1!$A$2)), CONCATENATE(SUM(E13:N13),"TB"), IF( AND(SUM(E13:N13)>0,OR(C13=Sheet1!$A$6,C13=Sheet1!$A$3,C13=Sheet1!$A$7,C13=Sheet1!$A$4),D13=Sheet1!$H$6), CONCATENATE(SUM(E13:N13),"台"), IF( AND( SUM(E13:N13)>0, OR(C13=Sheet1!$A$6,C13=Sheet1!$A$3,C13=Sheet1!$A$7,C13=Sheet1!$A$4,C13=Sheet1!$A$5), OR(D13=Sheet1!$B$6,D13=Sheet1!$C$6,D13=Sheet1!$D$6,D13=Sheet1!$E$6,D13=Sheet1!$F$6,D13=Sheet1!$G$6) ), CONCATENATE(SUM(E13:N13),"単位"), "" ) ) ) -> 120TB | P13: =C13&D13 -> ストレージ大規模利用_一般解析区画Quota設定のみ | Q13: =SUM(E13:N13) -> 120 | R13: =IF(AND($A13<=DATE(年,4,1),$B13>=DATE(年,7,31)),DATEDIF(DATE(年,4,1),DATE(年,7,31),"d")+1,IF(AND($A13>DATE(年,4,1),$A13<=DATE(年,7,31),$B13>=DATE(年,7,31)),DATEDIF($A13,DATE(年,7,31),"d")+1,IF(AND($A13<=DATE(年,4,1),$B13>=DATE(年,4,1),$B13<=DATE(年,7,31)),DATEDIF(DATE(年,4,1),$B13,"d")+1,IF(AND($A13>=DATE(年,4,1),$A13<=DATE(年,7,31),$B13>=DATE(年,4,1),$B13<=DATE(年,7,31)),DATEDIF(A13,B13,"d")+1,0)))) -> 0 | S13: =IF(AND($A13<=DATE(年,8,1),$B13>=DATE(年,11,30)),DATEDIF(DATE(年,8,1),DATE(年,11,30),"d")+1,IF(AND($A13>DATE(年,8,1),$A13<=DATE(年,11,30),$B13>=DATE(年,11,30)),DATEDIF($A13,DATE(年,11,30),"d")+1,IF(AND($A13<=DATE(年,8,1),$B13>=DATE(年,8,1),$B13<=DATE(年,11,30)),DATEDIF(DATE(年,8,1),$B13,"d")+1,IF(AND($A13>=DATE(年,8,1),$A13<=DATE(年,11,30),$B13>=DATE(年,8,1),$B13<=DATE(年,11,30)),DATEDIF($A13,$B13,"d")+1,0)))) -> 61 | T13: =IF(AND($A13<=DATE(年,12,1),$B13>=DATE(年+1,3,31)),DATEDIF(DATE(年,12,1),DATE(年+1,3,31),"d")+1,IF(AND($A13>DATE(年,12,1),$A13<=DATE(年+1,3,31),$B13>=DATE(年+1,3,31)),DATEDIF($A13,DATE(年+1,3,31),"d")+1,IF(AND($A13<=DATE(年,12,1),$B13>=DATE(年,12,1),$B13<=DATE(年+1,3,31)),DATEDIF(DATE(年,12,1),$B13,"d")+1,IF(AND(A13>=DATE(年,12,1),$A13<=DATE(年+1,3,31),$B13>=DATE(年,12,1),$B13<=DATE(年+1,3,31)),DATEDIF($A13,$B13,"d")+1,0)))) -> 121 | U13: =IF( AND($P13=ストレージ一般解析Quota設定のみ,$Q13<=30),0,IF( AND($P13=ストレージ一般解析Quota設定のみ,$Q13>30),ROUNDDOWN(ROUNDUP($Q13/10,0)*ストレージ一般解析Quota設定のみ単価*(R13/年間日数),0),IF( AND($P13=ストレージ個人ゲノムQuota設定のみ),ROUNDDOWN(ROUNDUP($Q13/10,0)*ストレージ個人ゲノムQuota設定のみ単価*(R13/年間日数),0),IF( $D13=CPU1_,ROUNDDOWN(($Q13*CPU1単価*R13/30),0),IF( $D13=CPU2_,ROUNDDOWN(($Q13*CPU2単価*R13/30),0),IF( $D13=Mem1_,ROUNDDOWN(($Q13*Mem1単価*R13/30),0),IF( $D13=Mem2_,ROUNDDOWN(($Q13*Mem2単価*R13/30),0),IF( $D13=Acc1_,ROUNDDOWN(($Q13*Acc1単価*R13/30),0),IF( $D13=Acc2_,ROUNDDOWN(($Q13*Acc2単価*R13/30),0),IF( $D13=Acc3_,ROUNDDOWN(($Q13*Acc3単価*R13/30),0),"" ) ) ) ) ) ) ) ) ) ) -> 0 | V13: =IF( AND($P13=ストレージ一般解析Quota設定のみ,$Q13<=30),0,IF( AND($P13=ストレージ一般解析Quota設定のみ,$Q13>30),ROUNDDOWN(ROUNDUP($Q13/10,0)*ストレージ一般解析Quota設定のみ単価*(S13/年間日数),0),IF( AND($P13=ストレージ個人ゲノムQuota設定のみ),ROUNDDOWN(ROUNDUP($Q13/10,0)*ストレージ個人ゲノムQuota設定のみ単価*(S13/年間日数),0),IF( $D13=CPU1_,ROUNDDOWN(($Q13*CPU1単価*S13/30),0),IF( $D13=CPU2_,ROUNDDOWN(($Q13*CPU2単価*S13/30),0),IF( $D13=Mem1_,ROUNDDOWN(($Q13*Mem1単価*S13/30),0),IF( $D13=Mem2_,ROUNDDOWN(($Q13*Mem2単価*S13/30),0),IF( $D13=Acc1_,ROUNDDOWN(($Q13*Acc1単価*S13/30),0),IF( $D13=Acc2_,ROUNDDOWN(($Q13*Acc2単価*S13/30),0),IF( $D13=Acc3_,ROUNDDOWN(($Q13*Acc3単価*S13/30),0),"" ) ) ) ) ) ) ) ) ) ) -> 80219 | W13: =IF( AND($P13=ストレージ一般解析Quota設定のみ,$Q13<=30),0,IF( AND($P13=ストレージ一般解析Quota設定のみ,$Q13>30),ROUNDDOWN(ROUNDUP($Q13/10,0)*ストレージ一般解析Quota設定のみ単価*(T13/年間日数),0),IF( AND($P13=ストレージ個人ゲノムQuota設定のみ),ROUNDDOWN(ROUNDUP($Q13/10,0)*ストレージ個人ゲノムQuota設定のみ単価*(T13/年間日数),0),IF( $D13=CPU1_,ROUNDDOWN(($Q13*CPU1単価*T13/30),0),IF( $D13=CPU2_,ROUNDDOWN(($Q13*CPU2単価*T13/30),0),IF( $D13=Mem1_,ROUNDDOWN(($Q13*Mem1単価*T13/30),0),IF( $D13=Mem2_,ROUNDDOWN(($Q13*Mem2単価*T13/30),0),IF( $D13=Acc1_,ROUNDDOWN(($Q13*Acc1単価*T13/30),0),IF( $D13=Acc2_,ROUNDDOWN(($Q13*Acc2単価*T13/30),0),IF( $D13=Acc3_,ROUNDDOWN(($Q13*Acc3単価*T13/30),0),"" ) ) ) ) ) ) ) ) ) ) -> 159123 | X13: =IF(O13="","",SUM(U13:W13)) -> 239342
A14: 46113 | B14: 46295 | C14: ストレージ大規模利用_個人ゲノム区画 | D14: Quota設定のみ | E14: 90 | O14: =IF( AND(SUM(E14:N14)>0,OR(C14=Sheet1!$A$1,C14=Sheet1!$A$2)), CONCATENATE(SUM(E14:N14),"TB"), IF( AND(SUM(E14:N14)>0,OR(C14=Sheet1!$A$6,C14=Sheet1!$A$3,C14=Sheet1!$A$7,C14=Sheet1!$A$4),D14=Sheet1!$H$6), CONCATENATE(SUM(E14:N14),"台"), IF( AND( SUM(E14:N14)>0, OR(C14=Sheet1!$A$6,C14=Sheet1!$A$3,C14=Sheet1!$A$7,C14=Sheet1!$A$4,C14=Sheet1!$A$5), OR(D14=Sheet1!$B$6,D14=Sheet1!$C$6,D14=Sheet1!$D$6,D14=Sheet1!$E$6,D14=Sheet1!$F$6,D14=Sheet1!$G$6) ), CONCATENATE(SUM(E14:N14),"単位"), "" ) ) ) -> 90TB | P14: =C14&D14 -> ストレージ大規模利用_個人ゲノム区画Quota設定のみ | Q14: =SUM(E14:N14) -> 90 | R14: =IF(AND($A14<=DATE(年,4,1),$B14>=DATE(年,7,31)),DATEDIF(DATE(年,4,1),DATE(年,7,31),"d")+1,IF(AND($A14>DATE(年,4,1),$A14<=DATE(年,7,31),$B14>=DATE(年,7,31)),DATEDIF($A14,DATE(年,7,31),"d")+1,IF(AND($A14<=DATE(年,4,1),$B14>=DATE(年,4,1),$B14<=DATE(年,7,31)),DATEDIF(DATE(年,4,1),$B14,"d")+1,IF(AND($A14>=DATE(年,4,1),$A14<=DATE(年,7,31),$B14>=DATE(年,4,1),$B14<=DATE(年,7,31)),DATEDIF(A14,B14,"d")+1,0)))) -> 122 | S14: =IF(AND($A14<=DATE(年,8,1),$B14>=DATE(年,11,30)),DATEDIF(DATE(年,8,1),DATE(年,11,30),"d")+1,IF(AND($A14>DATE(年,8,1),$A14<=DATE(年,11,30),$B14>=DATE(年,11,30)),DATEDIF($A14,DATE(年,11,30),"d")+1,IF(AND($A14<=DATE(年,8,1),$B14>=DATE(年,8,1),$B14<=DATE(年,11,30)),DATEDIF(DATE(年,8,1),$B14,"d")+1,IF(AND($A14>=DATE(年,8,1),$A14<=DATE(年,11,30),$B14>=DATE(年,8,1),$B14<=DATE(年,11,30)),DATEDIF($A14,$B14,"d")+1,0)))) -> 61 | T14: =IF(AND($A14<=DATE(年,12,1),$B14>=DATE(年+1,3,31)),DATEDIF(DATE(年,12,1),DATE(年+1,3,31),"d")+1,IF(AND($A14>DATE(年,12,1),$A14<=DATE(年+1,3,31),$B14>=DATE(年+1,3,31)),DATEDIF($A14,DATE(年+1,3,31),"d")+1,IF(AND($A14<=DATE(年,12,1),$B14>=DATE(年,12,1),$B14<=DATE(年+1,3,31)),DATEDIF(DATE(年,12,1),$B14,"d")+1,IF(AND(A14>=DATE(年,12,1),$A14<=DATE(年+1,3,31),$B14>=DATE(年,12,1),$B14<=DATE(年+1,3,31)),DATEDIF($A14,$B14,"d")+1,0)))) -> 0 | U14: =IF( AND($P14=ストレージ一般解析Quota設定のみ,$Q14<=30),0,IF( AND($P14=ストレージ一般解析Quota設定のみ,$Q14>30),ROUNDDOWN(ROUNDUP($Q14/10,0)*ストレージ一般解析Quota設定のみ単価*(R14/年間日数),0),IF( AND($P14=ストレージ個人ゲノムQuota設定のみ),ROUNDDOWN(ROUNDUP($Q14/10,0)*ストレージ個人ゲノムQuota設定のみ単価*(R14/年間日数),0),IF( $D14=CPU1_,ROUNDDOWN(($Q14*CPU2単価*R14/30),0),IF( $D14=CPU2_,ROUNDDOWN(($Q14*CPU3単価*R14/30),0),IF( $D14=Mem1_,ROUNDDOWN(($Q14*Mem1単価*R14/30),0),IF( $D14=Mem2_,ROUNDDOWN(($Q14*Mem2単価*R14/30),0),IF( $D14=Acc1_,ROUNDDOWN(($Q14*Acc1単価*R14/30),0),IF( $D14=Acc2_,ROUNDDOWN(($Q14*Acc2単価*R14/30),0),IF( $D14=Acc3_,ROUNDDOWN(($Q14*Acc3単価*R14/30),0),"" ) ) ) ) ) ) ) ) ) ) -> 120328 | V14: =IF( AND($P14=ストレージ一般解析Quota設定のみ,$Q14<=30),0,IF( AND($P14=ストレージ一般解析Quota設定のみ,$Q14>30),ROUNDDOWN(ROUNDUP($Q14/10,0)*ストレージ一般解析Quota設定のみ単価*(S14/年間日数),0),IF( AND($P14=ストレージ個人ゲノムQuota設定のみ),ROUNDDOWN(ROUNDUP($Q14/10,0)*ストレージ個人ゲノムQuota設定のみ単価*(S14/年間日数),0),IF( $D14=CPU1_,ROUNDDOWN(($Q14*CPU2単価*S14/30),0),IF( $D14=CPU2_,ROUNDDOWN(($Q14*CPU3単価*S14/30),0),IF( $D14=Mem1_,ROUNDDOWN(($Q14*Mem1単価*S14/30),0),IF( $D14=Mem2_,ROUNDDOWN(($Q14*Mem2単価*S14/30),0),IF( $D14=Acc1_,ROUNDDOWN(($Q14*Acc1単価*S14/30),0),IF( $D14=Acc2_,ROUNDDOWN(($Q14*Acc2単価*S14/30),0),IF( $D14=Acc3_,ROUNDDOWN(($Q14*Acc3単価*S14/30),0),"" ) ) ) ) ) ) ) ) ) ) -> 60164 | W14: =IF( AND($P14=ストレージ一般解析Quota設定のみ,$Q14<=30),0,IF( AND($P14=ストレージ一般解析Quota設定のみ,$Q14>30),ROUNDDOWN(ROUNDUP($Q14/10,0)*ストレージ一般解析Quota設定のみ単価*(T14/年間日数),0),IF( AND($P14=ストレージ個人ゲノムQuota設定のみ),ROUNDDOWN(ROUNDUP($Q14/10,0)*ストレージ個人ゲノムQuota設定のみ単価*(T14/年間日数),0),IF( $D14=CPU1_,ROUNDDOWN(($Q14*CPU2単価*T14/30),0),IF( $D14=CPU2_,ROUNDDOWN(($Q14*CPU3単価*T14/30),0),IF( $D14=Mem1_,ROUNDDOWN(($Q14*Mem1単価*T14/30),0),IF( $D14=Mem2_,ROUNDDOWN(($Q14*Mem2単価*T14/30),0),IF( $D14=Acc1_,ROUNDDOWN(($Q14*Acc1単価*T14/30),0),IF( $D14=Acc2_,ROUNDDOWN(($Q14*Acc2単価*T14/30),0),IF( $D14=Acc3_,ROUNDDOWN(($Q14*Acc3単価*T14/30),0),"" ) ) ) ) ) ) ) ) ) ) -> 0 | X14: =IF(O14="","",SUM(U14:W14)) -> 180492
A15: 46296 | B15: 46326 | C15: ストレージ大規模利用_個人ゲノム区画 | D15: Quota設定のみ | E15: 100 | O15: =IF( AND(SUM(E15:N15)>0,OR(C15=Sheet1!$A$1,C15=Sheet1!$A$2)), CONCATENATE(SUM(E15:N15),"TB"), IF( AND(SUM(E15:N15)>0,OR(C15=Sheet1!$A$6,C15=Sheet1!$A$3,C15=Sheet1!$A$7,C15=Sheet1!$A$4),D15=Sheet1!$H$6), CONCATENATE(SUM(E15:N15),"台"), IF( AND( SUM(E15:N15)>0, OR(C15=Sheet1!$A$6,C15=Sheet1!$A$3,C15=Sheet1!$A$7,C15=Sheet1!$A$4,C15=Sheet1!$A$5), OR(D15=Sheet1!$B$6,D15=Sheet1!$C$6,D15=Sheet1!$D$6,D15=Sheet1!$E$6,D15=Sheet1!$F$6,D15=Sheet1!$G$6) ), CONCATENATE(SUM(E15:N15),"単位"), "" ) ) ) -> 100TB | P15: =C15&D15 -> ストレージ大規模利用_個人ゲノム区画Quota設定のみ | Q15: =SUM(E15:N15) -> 100 | R15: =IF(AND($A15<=DATE(年,4,1),$B15>=DATE(年,7,31)),DATEDIF(DATE(年,4,1),DATE(年,7,31),"d")+1,IF(AND($A15>DATE(年,4,1),$A15<=DATE(年,7,31),$B15>=DATE(年,7,31)),DATEDIF($A15,DATE(年,7,31),"d")+1,IF(AND($A15<=DATE(年,4,1),$B15>=DATE(年,4,1),$B15<=DATE(年,7,31)),DATEDIF(DATE(年,4,1),$B15,"d")+1,IF(AND($A15>=DATE(年,4,1),$A15<=DATE(年,7,31),$B15>=DATE(年,4,1),$B15<=DATE(年,7,31)),DATEDIF(A15,B15,"d")+1,0)))) -> 0 | S15: =IF(AND($A15<=DATE(年,8,1),$B15>=DATE(年,11,30)),DATEDIF(DATE(年,8,1),DATE(年,11,30),"d")+1,IF(AND($A15>DATE(年,8,1),$A15<=DATE(年,11,30),$B15>=DATE(年,11,30)),DATEDIF($A15,DATE(年,11,30),"d")+1,IF(AND($A15<=DATE(年,8,1),$B15>=DATE(年,8,1),$B15<=DATE(年,11,30)),DATEDIF(DATE(年,8,1),$B15,"d")+1,IF(AND($A15>=DATE(年,8,1),$A15<=DATE(年,11,30),$B15>=DATE(年,8,1),$B15<=DATE(年,11,30)),DATEDIF($A15,$B15,"d")+1,0)))) -> 31 | T15: =IF(AND($A15<=DATE(年,12,1),$B15>=DATE(年+1,3,31)),DATEDIF(DATE(年,12,1),DATE(年+1,3,31),"d")+1,IF(AND($A15>DATE(年,12,1),$A15<=DATE(年+1,3,31),$B15>=DATE(年+1,3,31)),DATEDIF($A15,DATE(年+1,3,31),"d")+1,IF(AND($A15<=DATE(年,12,1),$B15>=DATE(年,12,1),$B15<=DATE(年+1,3,31)),DATEDIF(DATE(年,12,1),$B15,"d")+1,IF(AND(A15>=DATE(年,12,1),$A15<=DATE(年+1,3,31),$B15>=DATE(年,12,1),$B15<=DATE(年+1,3,31)),DATEDIF($A15,$B15,"d")+1,0)))) -> 0 | U15: =IF( AND($P15=ストレージ一般解析Quota設定のみ,$Q15<=30),0,IF( AND($P15=ストレージ一般解析Quota設定のみ,$Q15>30),ROUNDDOWN(ROUNDUP($Q15/10,0)*ストレージ一般解析Quota設定のみ単価*(R15/年間日数),0),IF( AND($P15=ストレージ個人ゲノムQuota設定のみ),ROUNDDOWN(ROUNDUP($Q15/10,0)*ストレージ個人ゲノムQuota設定のみ単価*(R15/年間日数),0),IF( $D15=CPU1_,ROUNDDOWN(($Q15*CPU3単価*R15/30),0),IF( $D15=CPU2_,ROUNDDOWN(($Q15*CPU4単価*R15/30),0),IF( $D15=Mem1_,ROUNDDOWN(($Q15*Mem1単価*R15/30),0),IF( $D15=Mem2_,ROUNDDOWN(($Q15*Mem2単価*R15/30),0),IF( $D15=Acc1_,ROUNDDOWN(($Q15*Acc1単価*R15/30),0),IF( $D15=Acc2_,ROUNDDOWN(($Q15*Acc2単価*R15/30),0),IF( $D15=Acc3_,ROUNDDOWN(($Q15*Acc3単価*R15/30),0),"" ) ) ) ) ) ) ) ) ) ) -> 0 | V15: =IF( AND($P15=ストレージ一般解析Quota設定のみ,$Q15<=30),0,IF( AND($P15=ストレージ一般解析Quota設定のみ,$Q15>30),ROUNDDOWN(ROUNDUP($Q15/10,0)*ストレージ一般解析Quota設定のみ単価*(S15/年間日数),0),IF( AND($P15=ストレージ個人ゲノムQuota設定のみ),ROUNDDOWN(ROUNDUP($Q15/10,0)*ストレージ個人ゲノムQuota設定のみ単価*(S15/年間日数),0),IF( $D15=CPU1_,ROUNDDOWN(($Q15*CPU3単価*S15/30),0),IF( $D15=CPU2_,ROUNDDOWN(($Q15*CPU4単価*S15/30),0),IF( $D15=Mem1_,ROUNDDOWN(($Q15*Mem1単価*S15/30),0),IF( $D15=Mem2_,ROUNDDOWN(($Q15*Mem2単価*S15/30),0),IF( $D15=Acc1_,ROUNDDOWN(($Q15*Acc1単価*S15/30),0),IF( $D15=Acc2_,ROUNDDOWN(($Q15*Acc2単価*S15/30),0),IF( $D15=Acc3_,ROUNDDOWN(($Q15*Acc3単価*S15/30),0),"" ) ) ) ) ) ) ) ) ) ) -> 33972 | W15: =IF( AND($P15=ストレージ一般解析Quota設定のみ,$Q15<=30),0,IF( AND($P15=ストレージ一般解析Quota設定のみ,$Q15>30),ROUNDDOWN(ROUNDUP($Q15/10,0)*ストレージ一般解析Quota設定のみ単価*(T15/年間日数),0),IF( AND($P15=ストレージ個人ゲノムQuota設定のみ),ROUNDDOWN(ROUNDUP($Q15/10,0)*ストレージ個人ゲノムQuota設定のみ単価*(T15/年間日数),0),IF( $D15=CPU1_,ROUNDDOWN(($Q15*CPU3単価*T15/30),0),IF( $D15=CPU2_,ROUNDDOWN(($Q15*CPU4単価*T15/30),0),IF( $D15=Mem1_,ROUNDDOWN(($Q15*Mem1単価*T15/30),0),IF( $D15=Mem2_,ROUNDDOWN(($Q15*Mem2単価*T15/30),0),IF( $D15=Acc1_,ROUNDDOWN(($Q15*Acc1単価*T15/30),0),IF( $D15=Acc2_,ROUNDDOWN(($Q15*Acc2単価*T15/30),0),IF( $D15=Acc3_,ROUNDDOWN(($Q15*Acc3単価*T15/30),0),"" ) ) ) ) ) ) ) ) ) ) -> 0 | X15: =IF(O15="","",SUM(U15:W15)) -> 33972
A16: 46388 | B16: 46477 | C16: ストレージ大規模利用_個人ゲノム区画 | D16: Quota設定のみ | E16: 110 | O16: =IF( AND(SUM(E16:N16)>0,OR(C16=Sheet1!$A$1,C16=Sheet1!$A$2)), CONCATENATE(SUM(E16:N16),"TB"), IF( AND(SUM(E16:N16)>0,OR(C16=Sheet1!$A$6,C16=Sheet1!$A$3,C16=Sheet1!$A$7,C16=Sheet1!$A$4),D16=Sheet1!$H$6), CONCATENATE(SUM(E16:N16),"台"), IF( AND( SUM(E16:N16)>0, OR(C16=Sheet1!$A$6,C16=Sheet1!$A$3,C16=Sheet1!$A$7,C16=Sheet1!$A$4,C16=Sheet1!$A$5), OR(D16=Sheet1!$B$6,D16=Sheet1!$C$6,D16=Sheet1!$D$6,D16=Sheet1!$E$6,D16=Sheet1!$F$6,D16=Sheet1!$G$6) ), CONCATENATE(SUM(E16:N16),"単位"), "" ) ) ) -> 110TB | P16: =C16&D16 -> ストレージ大規模利用_個人ゲノム区画Quota設定のみ | Q16: =SUM(E16:N16) -> 110 | R16: =IF(AND($A16<=DATE(年,4,1),$B16>=DATE(年,7,31)),DATEDIF(DATE(年,4,1),DATE(年,7,31),"d")+1,IF(AND($A16>DATE(年,4,1),$A16<=DATE(年,7,31),$B16>=DATE(年,7,31)),DATEDIF($A16,DATE(年,7,31),"d")+1,IF(AND($A16<=DATE(年,4,1),$B16>=DATE(年,4,1),$B16<=DATE(年,7,31)),DATEDIF(DATE(年,4,1),$B16,"d")+1,IF(AND($A16>=DATE(年,4,1),$A16<=DATE(年,7,31),$B16>=DATE(年,4,1),$B16<=DATE(年,7,31)),DATEDIF(A16,B16,"d")+1,0)))) -> 0 | S16: =IF(AND($A16<=DATE(年,8,1),$B16>=DATE(年,11,30)),DATEDIF(DATE(年,8,1),DATE(年,11,30),"d")+1,IF(AND($A16>DATE(年,8,1),$A16<=DATE(年,11,30),$B16>=DATE(年,11,30)),DATEDIF($A16,DATE(年,11,30),"d")+1,IF(AND($A16<=DATE(年,8,1),$B16>=DATE(年,8,1),$B16<=DATE(年,11,30)),DATEDIF(DATE(年,8,1),$B16,"d")+1,IF(AND($A16>=DATE(年,8,1),$A16<=DATE(年,11,30),$B16>=DATE(年,8,1),$B16<=DATE(年,11,30)),DATEDIF($A16,$B16,"d")+1,0)))) -> 0 | T16: =IF(AND($A16<=DATE(年,12,1),$B16>=DATE(年+1,3,31)),DATEDIF(DATE(年,12,1),DATE(年+1,3,31),"d")+1,IF(AND($A16>DATE(年,12,1),$A16<=DATE(年+1,3,31),$B16>=DATE(年+1,3,31)),DATEDIF($A16,DATE(年+1,3,31),"d")+1,IF(AND($A16<=DATE(年,12,1),$B16>=DATE(年,12,1),$B16<=DATE(年+1,3,31)),DATEDIF(DATE(年,12,1),$B16,"d")+1,IF(AND(A16>=DATE(年,12,1),$A16<=DATE(年+1,3,31),$B16>=DATE(年,12,1),$B16<=DATE(年+1,3,31)),DATEDIF($A16,$B16,"d")+1,0)))) -> 90 | U16: =IF( AND($P16=ストレージ一般解析Quota設定のみ,$Q16<=30),0,IF( AND($P16=ストレージ一般解析Quota設定のみ,$Q16>30),ROUNDDOWN(ROUNDUP($Q16/10,0)*ストレージ一般解析Quota設定のみ単価*(R16/年間日数),0),IF( AND($P16=ストレージ個人ゲノムQuota設定のみ),ROUNDDOWN(ROUNDUP($Q16/10,0)*ストレージ個人ゲノムQuota設定のみ単価*(R16/年間日数),0),IF( $D16=CPU1_,ROUNDDOWN(($Q16*CPU4単価*R16/30),0),IF( $D16=CPU2_,ROUNDDOWN(($Q16*CPU5単価*R16/30),0),IF( $D16=Mem1_,ROUNDDOWN(($Q16*Mem1単価*R16/30),0),IF( $D16=Mem2_,ROUNDDOWN(($Q16*Mem2単価*R16/30),0),IF( $D16=Acc1_,ROUNDDOWN(($Q16*Acc1単価*R16/30),0),IF( $D16=Acc2_,ROUNDDOWN(($Q16*Acc2単価*R16/30),0),IF( $D16=Acc3_,ROUNDDOWN(($Q16*Acc3単価*R16/30),0),"" ) ) ) ) ) ) ) ) ) ) -> 0 | V16: =IF( AND($P16=ストレージ一般解析Quota設定のみ,$Q16<=30),0,IF( AND($P16=ストレージ一般解析Quota設定のみ,$Q16>30),ROUNDDOWN(ROUNDUP($Q16/10,0)*ストレージ一般解析Quota設定のみ単価*(S16/年間日数),0),IF( AND($P16=ストレージ個人ゲノムQuota設定のみ),ROUNDDOWN(ROUNDUP($Q16/10,0)*ストレージ個人ゲノムQuota設定のみ単価*(S16/年間日数),0),IF( $D16=CPU1_,ROUNDDOWN(($Q16*CPU4単価*S16/30),0),IF( $D16=CPU2_,ROUNDDOWN(($Q16*CPU5単価*S16/30),0),IF( $D16=Mem1_,ROUNDDOWN(($Q16*Mem1単価*S16/30),0),IF( $D16=Mem2_,ROUNDDOWN(($Q16*Mem2単価*S16/30),0),IF( $D16=Acc1_,ROUNDDOWN(($Q16*Acc1単価*S16/30),0),IF( $D16=Acc2_,ROUNDDOWN(($Q16*Acc2単価*S16/30),0),IF( $D16=Acc3_,ROUNDDOWN(($Q16*Acc3単価*S16/30),0),"" ) ) ) ) ) ) ) ) ) ) -> 0 | W16: =IF( AND($P16=ストレージ一般解析Quota設定のみ,$Q16<=30),0,IF( AND($P16=ストレージ一般解析Quota設定のみ,$Q16>30),ROUNDDOWN(ROUNDUP($Q16/10,0)*ストレージ一般解析Quota設定のみ単価*(T16/年間日数),0),IF( AND($P16=ストレージ個人ゲノムQuota設定のみ),ROUNDDOWN(ROUNDUP($Q16/10,0)*ストレージ個人ゲノムQuota設定のみ単価*(T16/年間日数),0),IF( $D16=CPU1_,ROUNDDOWN(($Q16*CPU4単価*T16/30),0),IF( $D16=CPU2_,ROUNDDOWN(($Q16*CPU5単価*T16/30),0),IF( $D16=Mem1_,ROUNDDOWN(($Q16*Mem1単価*T16/30),0),IF( $D16=Mem2_,ROUNDDOWN(($Q16*Mem2単価*T16/30),0),IF( $D16=Acc1_,ROUNDDOWN(($Q16*Acc1単価*T16/30),0),IF( $D16=Acc2_,ROUNDDOWN(($Q16*Acc2単価*T16/30),0),IF( $D16=Acc3_,ROUNDDOWN(($Q16*Acc3単価*T16/30),0),"" ) ) ) ) ) ) ) ) ) ) -> 108493 | X16: =IF(O16="","",SUM(U16:W16)) -> 108493
A17: 46113 | B17: 46142 | C17: 計算ノード占有利用_一般解析区画 | D17: CPU最適化ノードType1(1単位 = 1CPUコア 8GBメモリ) | E17: 2 | O17: =IF( AND(SUM(E17:N17)>0,OR(C17=Sheet1!$A$1,C17=Sheet1!$A$2)), CONCATENATE(SUM(E17:N17),"TB"), IF( AND(SUM(E17:N17)>0,OR(C17=Sheet1!$A$6,C17=Sheet1!$A$3,C17=Sheet1!$A$7,C17=Sheet1!$A$4),D17=Sheet1!$H$6), CONCATENATE(SUM(E17:N17),"台"), IF( AND( SUM(E17:N17)>0, OR(C17=Sheet1!$A$6,C17=Sheet1!$A$3,C17=Sheet1!$A$7,C17=Sheet1!$A$4,C17=Sheet1!$A$5), OR(D17=Sheet1!$B$6,D17=Sheet1!$C$6,D17=Sheet1!$D$6,D17=Sheet1!$E$6,D17=Sheet1!$F$6,D17=Sheet1!$G$6) ), CONCATENATE(SUM(E17:N17),"単位"), "" ) ) ) -> 2単位 | P17: =C17&D17 -> 計算ノード占有利用_一般解析区画CPU最適化ノードType1(1単位 = 1CPUコア 8GBメモリ) | Q17: =SUM(E17:N17) -> 2 | R17: =IF(AND($A17<=DATE(年,4,1),$B17>=DATE(年,7,31)),DATEDIF(DATE(年,4,1),DATE(年,7,31),"d")+1,IF(AND($A17>DATE(年,4,1),$A17<=DATE(年,7,31),$B17>=DATE(年,7,31)),DATEDIF($A17,DATE(年,7,31),"d")+1,IF(AND($A17<=DATE(年,4,1),$B17>=DATE(年,4,1),$B17<=DATE(年,7,31)),DATEDIF(DATE(年,4,1),$B17,"d")+1,IF(AND($A17>=DATE(年,4,1),$A17<=DATE(年,7,31),$B17>=DATE(年,4,1),$B17<=DATE(年,7,31)),DATEDIF(A17,B17,"d")+1,0)))) -> 30 | S17: =IF(AND($A17<=DATE(年,8,1),$B17>=DATE(年,11,30)),DATEDIF(DATE(年,8,1),DATE(年,11,30),"d")+1,IF(AND($A17>DATE(年,8,1),$A17<=DATE(年,11,30),$B17>=DATE(年,11,30)),DATEDIF($A17,DATE(年,11,30),"d")+1,IF(AND($A17<=DATE(年,8,1),$B17>=DATE(年,8,1),$B17<=DATE(年,11,30)),DATEDIF(DATE(年,8,1),$B17,"d")+1,IF(AND($A17>=DATE(年,8,1),$A17<=DATE(年,11,30),$B17>=DATE(年,8,1),$B17<=DATE(年,11,30)),DATEDIF($A17,$B17,"d")+1,0)))) -> 0 | T17: =IF(AND($A17<=DATE(年,12,1),$B17>=DATE(年+1,3,31)),DATEDIF(DATE(年,12,1),DATE(年+1,3,31),"d")+1,IF(AND($A17>DATE(年,12,1),$A17<=DATE(年+1,3,31),$B17>=DATE(年+1,3,31)),DATEDIF($A17,DATE(年+1,3,31),"d")+1,IF(AND($A17<=DATE(年,12,1),$B17>=DATE(年,12,1),$B17<=DATE(年+1,3,31)),DATEDIF(DATE(年,12,1),$B17,"d")+1,IF(AND(A17>=DATE(年,12,1),$A17<=DATE(年+1,3,31),$B17>=DATE(年,12,1),$B17<=DATE(年+1,3,31)),DATEDIF($A17,$B17,"d")+1,0)))) -> 0 | U17: =IF( AND($P17=ストレージ一般解析Quota設定のみ,$Q17<=30),0,IF( AND($P17=ストレージ一般解析Quota設定のみ,$Q17>30),ROUNDDOWN(ROUNDUP($Q17/10,0)*ストレージ一般解析Quota設定のみ単価*(R17/年間日数),0),IF( AND($P17=ストレージ個人ゲノムQuota設定のみ),ROUNDDOWN(ROUNDUP($Q17/10,0)*ストレージ個人ゲノムQuota設定のみ単価*(R17/年間日数),0),IF( $D17=CPU1_,ROUNDDOWN(($Q17*CPU5単価*R17/30),0),IF( $D17=CPU2_,ROUNDDOWN(($Q17*CPU6単価*R17/30),0),IF( $D17=Mem1_,ROUNDDOWN(($Q17*Mem1単価*R17/30),0),IF( $D17=Mem2_,ROUNDDOWN(($Q17*Mem2単価*R17/30),0),IF( $D17=Acc1_,ROUNDDOWN(($Q17*Acc1単価*R17/30),0),IF( $D17=Acc2_,ROUNDDOWN(($Q17*Acc2単価*R17/30),0),IF( $D17=Acc3_,ROUNDDOWN(($Q17*Acc3単価*R17/30),0),"" ) ) ) ) ) ) ) ) ) ) -> 1000 | V17: =IF( AND($P17=ストレージ一般解析Quota設定のみ,$Q17<=30),0,IF( AND($P17=ストレージ一般解析Quota設定のみ,$Q17>30),ROUNDDOWN(ROUNDUP($Q17/10,0)*ストレージ一般解析Quota設定のみ単価*(S17/年間日数),0),IF( AND($P17=ストレージ個人ゲノムQuota設定のみ),ROUNDDOWN(ROUNDUP($Q17/10,0)*ストレージ個人ゲノムQuota設定のみ単価*(S17/年間日数),0),IF( $D17=CPU1_,ROUNDDOWN(($Q17*CPU5単価*S17/30),0),IF( $D17=CPU2_,ROUNDDOWN(($Q17*CPU6単価*S17/30),0),IF( $D17=Mem1_,ROUNDDOWN(($Q17*Mem1単価*S17/30),0),IF( $D17=Mem2_,ROUNDDOWN(($Q17*Mem2単価*S17/30),0),IF( $D17=Acc1_,ROUNDDOWN(($Q17*Acc1単価*S17/30),0),IF( $D17=Acc2_,ROUNDDOWN(($Q17*Acc2単価*S17/30),0),IF( $D17=Acc3_,ROUNDDOWN(($Q17*Acc3単価*S17/30),0),"" ) ) ) ) ) ) ) ) ) ) -> 0 | W17: =IF( AND($P17=ストレージ一般解析Quota設定のみ,$Q17<=30),0,IF( AND($P17=ストレージ一般解析Quota設定のみ,$Q17>30),ROUNDDOWN(ROUNDUP($Q17/10,0)*ストレージ一般解析Quota設定のみ単価*(T17/年間日数),0),IF( AND($P17=ストレージ個人ゲノムQuota設定のみ),ROUNDDOWN(ROUNDUP($Q17/10,0)*ストレージ個人ゲノムQuota設定のみ単価*(T17/年間日数),0),IF( $D17=CPU1_,ROUNDDOWN(($Q17*CPU5単価*T17/30),0),IF( $D17=CPU2_,ROUNDDOWN(($Q17*CPU6単価*T17/30),0),IF( $D17=Mem1_,ROUNDDOWN(($Q17*Mem1単価*T17/30),0),IF( $D17=Mem2_,ROUNDDOWN(($Q17*Mem2単価*T17/30),0),IF( $D17=Acc1_,ROUNDDOWN(($Q17*Acc1単価*T17/30),0),IF( $D17=Acc2_,ROUNDDOWN(($Q17*Acc2単価*T17/30),0),IF( $D17=Acc3_,ROUNDDOWN(($Q17*Acc3単価*T17/30),0),"" ) ) ) ) ) ) ) ) ) ) -> 0 | X17: =IF(O17="","",SUM(U17:W17)) -> 1000
A18: 46296 | B18: 46326 | C18: 計算ノード占有利用_一般解析区画 | D18: Memory最適化ノードType2(1単位 = 64CPUコア 1TBメモリ) | E18: 2 | O18: =IF( AND(SUM(E18:N18)>0,OR(C18=Sheet1!$A$1,C18=Sheet1!$A$2)), CONCATENATE(SUM(E18:N18),"TB"), IF( AND(SUM(E18:N18)>0,OR(C18=Sheet1!$A$6,C18=Sheet1!$A$3,C18=Sheet1!$A$7,C18=Sheet1!$A$4),D18=Sheet1!$H$6), CONCATENATE(SUM(E18:N18),"台"), IF( AND( SUM(E18:N18)>0, OR(C18=Sheet1!$A$6,C18=Sheet1!$A$3,C18=Sheet1!$A$7,C18=Sheet1!$A$4,C18=Sheet1!$A$5), OR(D18=Sheet1!$B$6,D18=Sheet1!$C$6,D18=Sheet1!$D$6,D18=Sheet1!$E$6,D18=Sheet1!$F$6,D18=Sheet1!$G$6) ), CONCATENATE(SUM(E18:N18),"単位"), "" ) ) ) -> 2単位 | P18: =C18&D18 -> 計算ノード占有利用_一般解析区画Memory最適化ノードType2(1単位 = 64CPUコア 1TBメモリ) | Q18: =SUM(E18:N18) -> 2 | R18: =IF(AND($A18<=DATE(年,4,1),$B18>=DATE(年,7,31)),DATEDIF(DATE(年,4,1),DATE(年,7,31),"d")+1,IF(AND($A18>DATE(年,4,1),$A18<=DATE(年,7,31),$B18>=DATE(年,7,31)),DATEDIF($A18,DATE(年,7,31),"d")+1,IF(AND($A18<=DATE(年,4,1),$B18>=DATE(年,4,1),$B18<=DATE(年,7,31)),DATEDIF(DATE(年,4,1),$B18,"d")+1,IF(AND($A18>=DATE(年,4,1),$A18<=DATE(年,7,31),$B18>=DATE(年,4,1),$B18<=DATE(年,7,31)),DATEDIF(A18,B18,"d")+1,0)))) -> 0 | S18: =IF(AND($A18<=DATE(年,8,1),$B18>=DATE(年,11,30)),DATEDIF(DATE(年,8,1),DATE(年,11,30),"d")+1,IF(AND($A18>DATE(年,8,1),$A18<=DATE(年,11,30),$B18>=DATE(年,11,30)),DATEDIF($A18,DATE(年,11,30),"d")+1,IF(AND($A18<=DATE(年,8,1),$B18>=DATE(年,8,1),$B18<=DATE(年,11,30)),DATEDIF(DATE(年,8,1),$B18,"d")+1,IF(AND($A18>=DATE(年,8,1),$A18<=DATE(年,11,30),$B18>=DATE(年,8,1),$B18<=DATE(年,11,30)),DATEDIF($A18,$B18,"d")+1,0)))) -> 31 | T18: =IF(AND($A18<=DATE(年,12,1),$B18>=DATE(年+1,3,31)),DATEDIF(DATE(年,12,1),DATE(年+1,3,31),"d")+1,IF(AND($A18>DATE(年,12,1),$A18<=DATE(年+1,3,31),$B18>=DATE(年+1,3,31)),DATEDIF($A18,DATE(年+1,3,31),"d")+1,IF(AND($A18<=DATE(年,12,1),$B18>=DATE(年,12,1),$B18<=DATE(年+1,3,31)),DATEDIF(DATE(年,12,1),$B18,"d")+1,IF(AND(A18>=DATE(年,12,1),$A18<=DATE(年+1,3,31),$B18>=DATE(年,12,1),$B18<=DATE(年+1,3,31)),DATEDIF($A18,$B18,"d")+1,0)))) -> 0 | U18: =IF( AND($P18=ストレージ一般解析Quota設定のみ,$Q18<=30),0,IF( AND($P18=ストレージ一般解析Quota設定のみ,$Q18>30),ROUNDDOWN(ROUNDUP($Q18/10,0)*ストレージ一般解析Quota設定のみ単価*(R18/年間日数),0),IF( AND($P18=ストレージ個人ゲノムQuota設定のみ),ROUNDDOWN(ROUNDUP($Q18/10,0)*ストレージ個人ゲノムQuota設定のみ単価*(R18/年間日数),0),IF( $D18=CPU1_,ROUNDDOWN(($Q18*CPU6単価*R18/30),0),IF( $D18=CPU2_,ROUNDDOWN(($Q18*CPU7単価*R18/30),0),IF( $D18=Mem1_,ROUNDDOWN(($Q18*Mem1単価*R18/30),0),IF( $D18=Mem2_,ROUNDDOWN(($Q18*Mem2単価*R18/30),0),IF( $D18=Acc1_,ROUNDDOWN(($Q18*Acc1単価*R18/30),0),IF( $D18=Acc2_,ROUNDDOWN(($Q18*Acc2単価*R18/30),0),IF( $D18=Acc3_,ROUNDDOWN(($Q18*Acc3単価*R18/30),0),"" ) ) ) ) ) ) ) ) ) ) -> 0 | V18: =IF( AND($P18=ストレージ一般解析Quota設定のみ,$Q18<=30),0,IF( AND($P18=ストレージ一般解析Quota設定のみ,$Q18>30),ROUNDDOWN(ROUNDUP($Q18/10,0)*ストレージ一般解析Quota設定のみ単価*(S18/年間日数),0),IF( AND($P18=ストレージ個人ゲノムQuota設定のみ),ROUNDDOWN(ROUNDUP($Q18/10,0)*ストレージ個人ゲノムQuota設定のみ単価*(S18/年間日数),0),IF( $D18=CPU1_,ROUNDDOWN(($Q18*CPU6単価*S18/30),0),IF( $D18=CPU2_,ROUNDDOWN(($Q18*CPU7単価*S18/30),0),IF( $D18=Mem1_,ROUNDDOWN(($Q18*Mem1単価*S18/30),0),IF( $D18=Mem2_,ROUNDDOWN(($Q18*Mem2単価*S18/30),0),IF( $D18=Acc1_,ROUNDDOWN(($Q18*Acc1単価*S18/30),0),IF( $D18=Acc2_,ROUNDDOWN(($Q18*Acc2単価*S18/30),0),IF( $D18=Acc3_,ROUNDDOWN(($Q18*Acc3単価*S18/30),0),"" ) ) ) ) ) ) ) ) ) ) -> 82666 | W18: =IF( AND($P18=ストレージ一般解析Quota設定のみ,$Q18<=30),0,IF( AND($P18=ストレージ一般解析Quota設定のみ,$Q18>30),ROUNDDOWN(ROUNDUP($Q18/10,0)*ストレージ一般解析Quota設定のみ単価*(T18/年間日数),0),IF( AND($P18=ストレージ個人ゲノムQuota設定のみ),ROUNDDOWN(ROUNDUP($Q18/10,0)*ストレージ個人ゲノムQuota設定のみ単価*(T18/年間日数),0),IF( $D18=CPU1_,ROUNDDOWN(($Q18*CPU6単価*T18/30),0),IF( $D18=CPU2_,ROUNDDOWN(($Q18*CPU7単価*T18/30),0),IF( $D18=Mem1_,ROUNDDOWN(($Q18*Mem1単価*T18/30),0),IF( $D18=Mem2_,ROUNDDOWN(($Q18*Mem2単価*T18/30),0),IF( $D18=Acc1_,ROUNDDOWN(($Q18*Acc1単価*T18/30),0),IF( $D18=Acc2_,ROUNDDOWN(($Q18*Acc2単価*T18/30),0),IF( $D18=Acc3_,ROUNDDOWN(($Q18*Acc3単価*T18/30),0),"" ) ) ) ) ) ) ) ) ) ) -> 0 | X18: =IF(O18="","",SUM(U18:W18)) -> 82666
A19: 46388 | B19: 46477 | C19: 計算ノード占有利用_個人ゲノム区画 | D19: CPU最適化ノードType2(1単位 = 1CPUコア 4GBメモリ) | E19: 5 | O19: =IF( AND(SUM(E19:N19)>0,OR(C19=Sheet1!$A$1,C19=Sheet1!$A$2)), CONCATENATE(SUM(E19:N19),"TB"), IF( AND(SUM(E19:N19)>0,OR(C19=Sheet1!$A$6,C19=Sheet1!$A$3,C19=Sheet1!$A$7,C19=Sheet1!$A$4),D19=Sheet1!$H$6), CONCATENATE(SUM(E19:N19),"台"), IF( AND( SUM(E19:N19)>0, OR(C19=Sheet1!$A$6,C19=Sheet1!$A$3,C19=Sheet1!$A$7,C19=Sheet1!$A$4,C19=Sheet1!$A$5), OR(D19=Sheet1!$B$6,D19=Sheet1!$C$6,D19=Sheet1!$D$6,D19=Sheet1!$E$6,D19=Sheet1!$F$6,D19=Sheet1!$G$6) ), CONCATENATE(SUM(E19:N19),"単位"), "" ) ) ) -> 5単位 | P19: =C19&D19 -> 計算ノード占有利用_個人ゲノム区画CPU最適化ノードType2(1単位 = 1CPUコア 4GBメモリ) | Q19: =SUM(E19:N19) -> 5 | R19: =IF(AND($A19<=DATE(年,4,1),$B19>=DATE(年,7,31)),DATEDIF(DATE(年,4,1),DATE(年,7,31),"d")+1,IF(AND($A19>DATE(年,4,1),$A19<=DATE(年,7,31),$B19>=DATE(年,7,31)),DATEDIF($A19,DATE(年,7,31),"d")+1,IF(AND($A19<=DATE(年,4,1),$B19>=DATE(年,4,1),$B19<=DATE(年,7,31)),DATEDIF(DATE(年,4,1),$B19,"d")+1,IF(AND($A19>=DATE(年,4,1),$A19<=DATE(年,7,31),$B19>=DATE(年,4,1),$B19<=DATE(年,7,31)),DATEDIF(A19,B19,"d")+1,0)))) -> 0 | S19: =IF(AND($A19<=DATE(年,8,1),$B19>=DATE(年,11,30)),DATEDIF(DATE(年,8,1),DATE(年,11,30),"d")+1,IF(AND($A19>DATE(年,8,1),$A19<=DATE(年,11,30),$B19>=DATE(年,11,30)),DATEDIF($A19,DATE(年,11,30),"d")+1,IF(AND($A19<=DATE(年,8,1),$B19>=DATE(年,8,1),$B19<=DATE(年,11,30)),DATEDIF(DATE(年,8,1),$B19,"d")+1,IF(AND($A19>=DATE(年,8,1),$A19<=DATE(年,11,30),$B19>=DATE(年,8,1),$B19<=DATE(年,11,30)),DATEDIF($A19,$B19,"d")+1,0)))) -> 0 | T19: =IF(AND($A19<=DATE(年,12,1),$B19>=DATE(年+1,3,31)),DATEDIF(DATE(年,12,1),DATE(年+1,3,31),"d")+1,IF(AND($A19>DATE(年,12,1),$A19<=DATE(年+1,3,31),$B19>=DATE(年+1,3,31)),DATEDIF($A19,DATE(年+1,3,31),"d")+1,IF(AND($A19<=DATE(年,12,1),$B19>=DATE(年,12,1),$B19<=DATE(年+1,3,31)),DATEDIF(DATE(年,12,1),$B19,"d")+1,IF(AND(A19>=DATE(年,12,1),$A19<=DATE(年+1,3,31),$B19>=DATE(年,12,1),$B19<=DATE(年+1,3,31)),DATEDIF($A19,$B19,"d")+1,0)))) -> 90 | U19: =IF( AND($P19=ストレージ一般解析Quota設定のみ,$Q19<=30),0,IF( AND($P19=ストレージ一般解析Quota設定のみ,$Q19>30),ROUNDDOWN(ROUNDUP($Q19/10,0)*ストレージ一般解析Quota設定のみ単価*(R19/年間日数),0),IF( AND($P19=ストレージ個人ゲノムQuota設定のみ),ROUNDDOWN(ROUNDUP($Q19/10,0)*ストレージ個人ゲノムQuota設定のみ単価*(R19/年間日数),0),IF( $D19=CPU1_,ROUNDDOWN(($Q19*CPU7単価*R19/30),0),IF( $D19=CPU2_,ROUNDDOWN(($Q19*CPU8単価*R19/30),0),IF( $D19=Mem1_,ROUNDDOWN(($Q19*Mem1単価*R19/30),0),IF( $D19=Mem2_,ROUNDDOWN(($Q19*Mem2単価*R19/30),0),IF( $D19=Acc1_,ROUNDDOWN(($Q19*Acc1単価*R19/30),0),IF( $D19=Acc2_,ROUNDDOWN(($Q19*Acc2単価*R19/30),0),IF( $D19=Acc3_,ROUNDDOWN(($Q19*Acc3単価*R19/30),0),"" ) ) ) ) ) ) ) ) ) ) -> 0 | V19: =IF( AND($P19=ストレージ一般解析Quota設定のみ,$Q19<=30),0,IF( AND($P19=ストレージ一般解析Quota設定のみ,$Q19>30),ROUNDDOWN(ROUNDUP($Q19/10,0)*ストレージ一般解析Quota設定のみ単価*(S19/年間日数),0),IF( AND($P19=ストレージ個人ゲノムQuota設定のみ),ROUNDDOWN(ROUNDUP($Q19/10,0)*ストレージ個人ゲノムQuota設定のみ単価*(S19/年間日数),0),IF( $D19=CPU1_,ROUNDDOWN(($Q19*CPU7単価*S19/30),0),IF( $D19=CPU2_,ROUNDDOWN(($Q19*CPU8単価*S19/30),0),IF( $D19=Mem1_,ROUNDDOWN(($Q19*Mem1単価*S19/30),0),IF( $D19=Mem2_,ROUNDDOWN(($Q19*Mem2単価*S19/30),0),IF( $D19=Acc1_,ROUNDDOWN(($Q19*Acc1単価*S19/30),0),IF( $D19=Acc2_,ROUNDDOWN(($Q19*Acc2単価*S19/30),0),IF( $D19=Acc3_,ROUNDDOWN(($Q19*Acc3単価*S19/30),0),"" ) ) ) ) ) ) ) ) ) ) -> 0 | W19: =IF( AND($P19=ストレージ一般解析Quota設定のみ,$Q19<=30),0,IF( AND($P19=ストレージ一般解析Quota設定のみ,$Q19>30),ROUNDDOWN(ROUNDUP($Q19/10,0)*ストレージ一般解析Quota設定のみ単価*(T19/年間日数),0),IF( AND($P19=ストレージ個人ゲノムQuota設定のみ),ROUNDDOWN(ROUNDUP($Q19/10,0)*ストレージ個人ゲノムQuota設定のみ単価*(T19/年間日数),0),IF( $D19=CPU1_,ROUNDDOWN(($Q19*CPU7単価*T19/30),0),IF( $D19=CPU2_,ROUNDDOWN(($Q19*CPU8単価*T19/30),0),IF( $D19=Mem1_,ROUNDDOWN(($Q19*Mem1単価*T19/30),0),IF( $D19=Mem2_,ROUNDDOWN(($Q19*Mem2単価*T19/30),0),IF( $D19=Acc1_,ROUNDDOWN(($Q19*Acc1単価*T19/30),0),IF( $D19=Acc2_,ROUNDDOWN(($Q19*Acc2単価*T19/30),0),IF( $D19=Acc3_,ROUNDDOWN(($Q19*Acc3単価*T19/30),0),"" ) ) ) ) ) ) ) ) ) ) -> 7500 | X19: =IF(O19="","",SUM(U19:W19)) -> 7500
A20: 46388 | B20: 46477 | C20: 計算ノード占有利用_個人ゲノム区画 | D20: CPU最適化ノードType2(1単位 = 1CPUコア 4GBメモリ) | E20: 5 | O20: =IF( AND(SUM(E20:N20)>0,OR(C20=Sheet1!$A$1,C20=Sheet1!$A$2)), CONCATENATE(SUM(E20:N20),"TB"), IF( AND(SUM(E20:N20)>0,OR(C20=Sheet1!$A$6,C20=Sheet1!$A$3,C20=Sheet1!$A$7,C20=Sheet1!$A$4),D20=Sheet1!$H$6), CONCATENATE(SUM(E20:N20),"台"), IF( AND( SUM(E20:N20)>0, OR(C20=Sheet1!$A$6,C20=Sheet1!$A$3,C20=Sheet1!$A$7,C20=Sheet1!$A$4,C20=Sheet1!$A$5), OR(D20=Sheet1!$B$6,D20=Sheet1!$C$6,D20=Sheet1!$D$6,D20=Sheet1!$E$6,D20=Sheet1!$F$6,D20=Sheet1!$G$6) ), CONCATENATE(SUM(E20:N20),"単位"), "" ) ) ) -> 5単位 | P20: =C20&D20 -> 計算ノード占有利用_個人ゲノム区画CPU最適化ノードType2(1単位 = 1CPUコア 4GBメモリ) | Q20: =SUM(E20:N20) -> 5 | R20: =IF(AND($A20<=DATE(年,4,1),$B20>=DATE(年,7,31)),DATEDIF(DATE(年,4,1),DATE(年,7,31),"d")+1,IF(AND($A20>DATE(年,4,1),$A20<=DATE(年,7,31),$B20>=DATE(年,7,31)),DATEDIF($A20,DATE(年,7,31),"d")+1,IF(AND($A20<=DATE(年,4,1),$B20>=DATE(年,4,1),$B20<=DATE(年,7,31)),DATEDIF(DATE(年,4,1),$B20,"d")+1,IF(AND($A20>=DATE(年,4,1),$A20<=DATE(年,7,31),$B20>=DATE(年,4,1),$B20<=DATE(年,7,31)),DATEDIF(A20,B20,"d")+1,0)))) -> 0 | S20: =IF(AND($A20<=DATE(年,8,1),$B20>=DATE(年,11,30)),DATEDIF(DATE(年,8,1),DATE(年,11,30),"d")+1,IF(AND($A20>DATE(年,8,1),$A20<=DATE(年,11,30),$B20>=DATE(年,11,30)),DATEDIF($A20,DATE(年,11,30),"d")+1,IF(AND($A20<=DATE(年,8,1),$B20>=DATE(年,8,1),$B20<=DATE(年,11,30)),DATEDIF(DATE(年,8,1),$B20,"d")+1,IF(AND($A20>=DATE(年,8,1),$A20<=DATE(年,11,30),$B20>=DATE(年,8,1),$B20<=DATE(年,11,30)),DATEDIF($A20,$B20,"d")+1,0)))) -> 0 | T20: =IF(AND($A20<=DATE(年,12,1),$B20>=DATE(年+1,3,31)),DATEDIF(DATE(年,12,1),DATE(年+1,3,31),"d")+1,IF(AND($A20>DATE(年,12,1),$A20<=DATE(年+1,3,31),$B20>=DATE(年+1,3,31)),DATEDIF($A20,DATE(年+1,3,31),"d")+1,IF(AND($A20<=DATE(年,12,1),$B20>=DATE(年,12,1),$B20<=DATE(年+1,3,31)),DATEDIF(DATE(年,12,1),$B20,"d")+1,IF(AND(A20>=DATE(年,12,1),$A20<=DATE(年+1,3,31),$B20>=DATE(年,12,1),$B20<=DATE(年+1,3,31)),DATEDIF($A20,$B20,"d")+1,0)))) -> 90 | U20: =IF( AND($P20=ストレージ一般解析Quota設定のみ,$Q20<=30),0,IF( AND($P20=ストレージ一般解析Quota設定のみ,$Q20>30),ROUNDDOWN(ROUNDUP($Q20/10,0)*ストレージ一般解析Quota設定のみ単価*(R20/年間日数),0),IF( AND($P20=ストレージ個人ゲノムQuota設定のみ),ROUNDDOWN(ROUNDUP($Q20/10,0)*ストレージ個人ゲノムQuota設定のみ単価*(R20/年間日数),0),IF( $D20=CPU1_,ROUNDDOWN(($Q20*CPU8単価*R20/30),0),IF( $D20=CPU2_,ROUNDDOWN(($Q20*CPU9単価*R20/30),0),IF( $D20=Mem1_,ROUNDDOWN(($Q20*Mem1単価*R20/30),0),IF( $D20=Mem2_,ROUNDDOWN(($Q20*Mem2単価*R20/30),0),IF( $D20=Acc1_,ROUNDDOWN(($Q20*Acc1単価*R20/30),0),IF( $D20=Acc2_,ROUNDDOWN(($Q20*Acc2単価*R20/30),0),IF( $D20=Acc3_,ROUNDDOWN(($Q20*Acc3単価*R20/30),0),"" ) ) ) ) ) ) ) ) ) ) -> 0 | V20: =IF( AND($P20=ストレージ一般解析Quota設定のみ,$Q20<=30),0,IF( AND($P20=ストレージ一般解析Quota設定のみ,$Q20>30),ROUNDDOWN(ROUNDUP($Q20/10,0)*ストレージ一般解析Quota設定のみ単価*(S20/年間日数),0),IF( AND($P20=ストレージ個人ゲノムQuota設定のみ),ROUNDDOWN(ROUNDUP($Q20/10,0)*ストレージ個人ゲノムQuota設定のみ単価*(S20/年間日数),0),IF( $D20=CPU1_,ROUNDDOWN(($Q20*CPU8単価*S20/30),0),IF( $D20=CPU2_,ROUNDDOWN(($Q20*CPU9単価*S20/30),0),IF( $D20=Mem1_,ROUNDDOWN(($Q20*Mem1単価*S20/30),0),IF( $D20=Mem2_,ROUNDDOWN(($Q20*Mem2単価*S20/30),0),IF( $D20=Acc1_,ROUNDDOWN(($Q20*Acc1単価*S20/30),0),IF( $D20=Acc2_,ROUNDDOWN(($Q20*Acc2単価*S20/30),0),IF( $D20=Acc3_,ROUNDDOWN(($Q20*Acc3単価*S20/30),0),"" ) ) ) ) ) ) ) ) ) ) -> 0 | W20: =IF( AND($P20=ストレージ一般解析Quota設定のみ,$Q20<=30),0,IF( AND($P20=ストレージ一般解析Quota設定のみ,$Q20>30),ROUNDDOWN(ROUNDUP($Q20/10,0)*ストレージ一般解析Quota設定のみ単価*(T20/年間日数),0),IF( AND($P20=ストレージ個人ゲノムQuota設定のみ),ROUNDDOWN(ROUNDUP($Q20/10,0)*ストレージ個人ゲノムQuota設定のみ単価*(T20/年間日数),0),IF( $D20=CPU1_,ROUNDDOWN(($Q20*CPU8単価*T20/30),0),IF( $D20=CPU2_,ROUNDDOWN(($Q20*CPU9単価*T20/30),0),IF( $D20=Mem1_,ROUNDDOWN(($Q20*Mem1単価*T20/30),0),IF( $D20=Mem2_,ROUNDDOWN(($Q20*Mem2単価*T20/30),0),IF( $D20=Acc1_,ROUNDDOWN(($Q20*Acc1単価*T20/30),0),IF( $D20=Acc2_,ROUNDDOWN(($Q20*Acc2単価*T20/30),0),IF( $D20=Acc3_,ROUNDDOWN(($Q20*Acc3単価*T20/30),0),"" ) ) ) ) ) ) ) ) ) ) -> 7500 | X20: =IF(O20="","",SUM(U20:W20)) -> 7500
A21: 46419 | B21: 46477 | C21: 計算ノード占有利用_個人ゲノム区画 | D21: Memory最適化ノードType2(1単位 = 64CPUコア 1TBメモリ) | E21: 5 | O21: =IF( AND(SUM(E21:N21)>0,OR(C21=Sheet1!$A$1,C21=Sheet1!$A$2)), CONCATENATE(SUM(E21:N21),"TB"), IF( AND(SUM(E21:N21)>0,OR(C21=Sheet1!$A$6,C21=Sheet1!$A$3,C21=Sheet1!$A$7,C21=Sheet1!$A$4),D21=Sheet1!$H$6), CONCATENATE(SUM(E21:N21),"台"), IF( AND( SUM(E21:N21)>0, OR(C21=Sheet1!$A$6,C21=Sheet1!$A$3,C21=Sheet1!$A$7,C21=Sheet1!$A$4,C21=Sheet1!$A$5), OR(D21=Sheet1!$B$6,D21=Sheet1!$C$6,D21=Sheet1!$D$6,D21=Sheet1!$E$6,D21=Sheet1!$F$6,D21=Sheet1!$G$6) ), CONCATENATE(SUM(E21:N21),"単位"), "" ) ) ) -> 5単位 | P21: =C21&D21 -> 計算ノード占有利用_個人ゲノム区画Memory最適化ノードType2(1単位 = 64CPUコア 1TBメモリ) | Q21: =SUM(E21:N21) -> 5 | R21: =IF(AND($A21<=DATE(年,4,1),$B21>=DATE(年,7,31)),DATEDIF(DATE(年,4,1),DATE(年,7,31),"d")+1,IF(AND($A21>DATE(年,4,1),$A21<=DATE(年,7,31),$B21>=DATE(年,7,31)),DATEDIF($A21,DATE(年,7,31),"d")+1,IF(AND($A21<=DATE(年,4,1),$B21>=DATE(年,4,1),$B21<=DATE(年,7,31)),DATEDIF(DATE(年,4,1),$B21,"d")+1,IF(AND($A21>=DATE(年,4,1),$A21<=DATE(年,7,31),$B21>=DATE(年,4,1),$B21<=DATE(年,7,31)),DATEDIF(A21,B21,"d")+1,0)))) -> 0 | S21: =IF(AND($A21<=DATE(年,8,1),$B21>=DATE(年,11,30)),DATEDIF(DATE(年,8,1),DATE(年,11,30),"d")+1,IF(AND($A21>DATE(年,8,1),$A21<=DATE(年,11,30),$B21>=DATE(年,11,30)),DATEDIF($A21,DATE(年,11,30),"d")+1,IF(AND($A21<=DATE(年,8,1),$B21>=DATE(年,8,1),$B21<=DATE(年,11,30)),DATEDIF(DATE(年,8,1),$B21,"d")+1,IF(AND($A21>=DATE(年,8,1),$A21<=DATE(年,11,30),$B21>=DATE(年,8,1),$B21<=DATE(年,11,30)),DATEDIF($A21,$B21,"d")+1,0)))) -> 0 | T21: =IF(AND($A21<=DATE(年,12,1),$B21>=DATE(年+1,3,31)),DATEDIF(DATE(年,12,1),DATE(年+1,3,31),"d")+1,IF(AND($A21>DATE(年,12,1),$A21<=DATE(年+1,3,31),$B21>=DATE(年+1,3,31)),DATEDIF($A21,DATE(年+1,3,31),"d")+1,IF(AND($A21<=DATE(年,12,1),$B21>=DATE(年,12,1),$B21<=DATE(年+1,3,31)),DATEDIF(DATE(年,12,1),$B21,"d")+1,IF(AND(A21>=DATE(年,12,1),$A21<=DATE(年+1,3,31),$B21>=DATE(年,12,1),$B21<=DATE(年+1,3,31)),DATEDIF($A21,$B21,"d")+1,0)))) -> 59 | U21: =IF( AND($P21=ストレージ一般解析Quota設定のみ,$Q21<=30),0,IF( AND($P21=ストレージ一般解析Quota設定のみ,$Q21>30),ROUNDDOWN(ROUNDUP($Q21/10,0)*ストレージ一般解析Quota設定のみ単価*(R21/年間日数),0),IF( AND($P21=ストレージ個人ゲノムQuota設定のみ),ROUNDDOWN(ROUNDUP($Q21/10,0)*ストレージ個人ゲノムQuota設定のみ単価*(R21/年間日数),0),IF( $D21=CPU1_,ROUNDDOWN(($Q21*CPU9単価*R21/30),0),IF( $D21=CPU2_,ROUNDDOWN(($Q21*CPU10単価*R21/30),0),IF( $D21=Mem1_,ROUNDDOWN(($Q21*Mem1単価*R21/30),0),IF( $D21=Mem2_,ROUNDDOWN(($Q21*Mem2単価*R21/30),0),IF( $D21=Acc1_,ROUNDDOWN(($Q21*Acc1単価*R21/30),0),IF( $D21=Acc2_,ROUNDDOWN(($Q21*Acc2単価*R21/30),0),IF( $D21=Acc3_,ROUNDDOWN(($Q21*Acc3単価*R21/30),0),"" ) ) ) ) ) ) ) ) ) ) -> 0 | V21: =IF( AND($P21=ストレージ一般解析Quota設定のみ,$Q21<=30),0,IF( AND($P21=ストレージ一般解析Quota設定のみ,$Q21>30),ROUNDDOWN(ROUNDUP($Q21/10,0)*ストレージ一般解析Quota設定のみ単価*(S21/年間日数),0),IF( AND($P21=ストレージ個人ゲノムQuota設定のみ),ROUNDDOWN(ROUNDUP($Q21/10,0)*ストレージ個人ゲノムQuota設定のみ単価*(S21/年間日数),0),IF( $D21=CPU1_,ROUNDDOWN(($Q21*CPU9単価*S21/30),0),IF( $D21=CPU2_,ROUNDDOWN(($Q21*CPU10単価*S21/30),0),IF( $D21=Mem1_,ROUNDDOWN(($Q21*Mem1単価*S21/30),0),IF( $D21=Mem2_,ROUNDDOWN(($Q21*Mem2単価*S21/30),0),IF( $D21=Acc1_,ROUNDDOWN(($Q21*Acc1単価*S21/30),0),IF( $D21=Acc2_,ROUNDDOWN(($Q21*Acc2単価*S21/30),0),IF( $D21=Acc3_,ROUNDDOWN(($Q21*Acc3単価*S21/30),0),"" ) ) ) ) ) ) ) ) ) ) -> 0 | W21: =IF( AND($P21=ストレージ一般解析Quota設定のみ,$Q21<=30),0,IF( AND($P21=ストレージ一般解析Quota設定のみ,$Q21>30),ROUNDDOWN(ROUNDUP($Q21/10,0)*ストレージ一般解析Quota設定のみ単価*(T21/年間日数),0),IF( AND($P21=ストレージ個人ゲノムQuota設定のみ),ROUNDDOWN(ROUNDUP($Q21/10,0)*ストレージ個人ゲノムQuota設定のみ単価*(T21/年間日数),0),IF( $D21=CPU1_,ROUNDDOWN(($Q21*CPU9単価*T21/30),0),IF( $D21=CPU2_,ROUNDDOWN(($Q21*CPU10単価*T21/30),0),IF( $D21=Mem1_,ROUNDDOWN(($Q21*Mem1単価*T21/30),0),IF( $D21=Mem2_,ROUNDDOWN(($Q21*Mem2単価*T21/30),0),IF( $D21=Acc1_,ROUNDDOWN(($Q21*Acc1単価*T21/30),0),IF( $D21=Acc2_,ROUNDDOWN(($Q21*Acc2単価*T21/30),0),IF( $D21=Acc3_,ROUNDDOWN(($Q21*Acc3単価*T21/30),0),"" ) ) ) ) ) ) ) ) ) ) -> 393333 | X21: =IF(O21="","",SUM(U21:W21)) -> 393333
A22: 46204 | B22: 46206 | C22: 計算ノードGPU専用Slurm_個人ゲノム区画 | D22: Accelerator最適化ノードType2(1単位 = 1GPU 16CPUコア 192GBメモリ) | E22: 1 | O22: =IF( AND(SUM(E22:N22)>0,OR(C22=Sheet1!$A$1,C22=Sheet1!$A$2)), CONCATENATE(SUM(E22:N22),"TB"), IF( AND(SUM(E22:N22)>0,OR(C22=Sheet1!$A$6,C22=Sheet1!$A$3,C22=Sheet1!$A$7,C22=Sheet1!$A$4),D22=Sheet1!$H$6), CONCATENATE(SUM(E22:N22),"台"), IF( AND( SUM(E22:N22)>0, OR(C22=Sheet1!$A$6,C22=Sheet1!$A$3,C22=Sheet1!$A$7,C22=Sheet1!$A$4,C22=Sheet1!$A$5), OR(D22=Sheet1!$B$6,D22=Sheet1!$C$6,D22=Sheet1!$D$6,D22=Sheet1!$E$6,D22=Sheet1!$F$6,D22=Sheet1!$G$6) ), CONCATENATE(SUM(E22:N22),"単位"), "" ) ) ) -> 1単位 | P22: =C22&D22 -> 計算ノードGPU専用Slurm_個人ゲノム区画Accelerator最適化ノードType2(1単位 = 1GPU 16CPUコア 192GBメモリ) | Q22: =SUM(E22:N22) -> 1 | R22: =IF(AND($A22<=DATE(年,4,1),$B22>=DATE(年,7,31)),DATEDIF(DATE(年,4,1),DATE(年,7,31),"d")+1,IF(AND($A22>DATE(年,4,1),$A22<=DATE(年,7,31),$B22>=DATE(年,7,31)),DATEDIF($A22,DATE(年,7,31),"d")+1,IF(AND($A22<=DATE(年,4,1),$B22>=DATE(年,4,1),$B22<=DATE(年,7,31)),DATEDIF(DATE(年,4,1),$B22,"d")+1,IF(AND($A22>=DATE(年,4,1),$A22<=DATE(年,7,31),$B22>=DATE(年,4,1),$B22<=DATE(年,7,31)),DATEDIF(A22,B22,"d")+1,0)))) -> 3 | S22: =IF(AND($A22<=DATE(年,8,1),$B22>=DATE(年,11,30)),DATEDIF(DATE(年,8,1),DATE(年,11,30),"d")+1,IF(AND($A22>DATE(年,8,1),$A22<=DATE(年,11,30),$B22>=DATE(年,11,30)),DATEDIF($A22,DATE(年,11,30),"d")+1,IF(AND($A22<=DATE(年,8,1),$B22>=DATE(年,8,1),$B22<=DATE(年,11,30)),DATEDIF(DATE(年,8,1),$B22,"d")+1,IF(AND($A22>=DATE(年,8,1),$A22<=DATE(年,11,30),$B22>=DATE(年,8,1),$B22<=DATE(年,11,30)),DATEDIF($A22,$B22,"d")+1,0)))) -> 0 | T22: =IF(AND($A22<=DATE(年,12,1),$B22>=DATE(年+1,3,31)),DATEDIF(DATE(年,12,1),DATE(年+1,3,31),"d")+1,IF(AND($A22>DATE(年,12,1),$A22<=DATE(年+1,3,31),$B22>=DATE(年+1,3,31)),DATEDIF($A22,DATE(年+1,3,31),"d")+1,IF(AND($A22<=DATE(年,12,1),$B22>=DATE(年,12,1),$B22<=DATE(年+1,3,31)),DATEDIF(DATE(年,12,1),$B22,"d")+1,IF(AND(A22>=DATE(年,12,1),$A22<=DATE(年+1,3,31),$B22>=DATE(年,12,1),$B22<=DATE(年+1,3,31)),DATEDIF($A22,$B22,"d")+1,0)))) -> 0 | U22: =IF( AND($P22=ストレージ一般解析Quota設定のみ,$Q22<=30),0,IF( AND($P22=ストレージ一般解析Quota設定のみ,$Q22>30),ROUNDDOWN(ROUNDUP($Q22/10,0)*ストレージ一般解析Quota設定のみ単価*(R22/年間日数),0),IF( AND($P22=ストレージ個人ゲノムQuota設定のみ),ROUNDDOWN(ROUNDUP($Q22/10,0)*ストレージ個人ゲノムQuota設定のみ単価*(R22/年間日数),0),IF( $D22=CPU1_,ROUNDDOWN(($Q22*CPU10単価*R22/30),0),IF( $D22=CPU2_,ROUNDDOWN(($Q22*CPU11単価*R22/30),0),IF( $D22=Mem1_,ROUNDDOWN(($Q22*Mem1単価*R22/30),0),IF( $D22=Mem2_,ROUNDDOWN(($Q22*Mem2単価*R22/30),0),IF( $D22=Acc1_,ROUNDDOWN(($Q22*Acc1単価*R22/30),0),IF( $D22=Acc2_,ROUNDDOWN(($Q22*Acc2単価*R22/30),0),IF( $D22=Acc3_,ROUNDDOWN(($Q22*Acc3単価*R22/30),0),"" ) ) ) ) ) ) ) ) ) ) -> 5625 | V22: =IF( AND($P22=ストレージ一般解析Quota設定のみ,$Q22<=30),0,IF( AND($P22=ストレージ一般解析Quota設定のみ,$Q22>30),ROUNDDOWN(ROUNDUP($Q22/10,0)*ストレージ一般解析Quota設定のみ単価*(S22/年間日数),0),IF( AND($P22=ストレージ個人ゲノムQuota設定のみ),ROUNDDOWN(ROUNDUP($Q22/10,0)*ストレージ個人ゲノムQuota設定のみ単価*(S22/年間日数),0),IF( $D22=CPU1_,ROUNDDOWN(($Q22*CPU10単価*S22/30),0),IF( $D22=CPU2_,ROUNDDOWN(($Q22*CPU11単価*S22/30),0),IF( $D22=Mem1_,ROUNDDOWN(($Q22*Mem1単価*S22/30),0),IF( $D22=Mem2_,ROUNDDOWN(($Q22*Mem2単価*S22/30),0),IF( $D22=Acc1_,ROUNDDOWN(($Q22*Acc1単価*S22/30),0),IF( $D22=Acc2_,ROUNDDOWN(($Q22*Acc2単価*S22/30),0),IF( $D22=Acc3_,ROUNDDOWN(($Q22*Acc3単価*S22/30),0),"" ) ) ) ) ) ) ) ) ) ) -> 0 | W22: =IF( AND($P22=ストレージ一般解析Quota設定のみ,$Q22<=30),0,IF( AND($P22=ストレージ一般解析Quota設定のみ,$Q22>30),ROUNDDOWN(ROUNDUP($Q22/10,0)*ストレージ一般解析Quota設定のみ単価*(T22/年間日数),0),IF( AND($P22=ストレージ個人ゲノムQuota設定のみ),ROUNDDOWN(ROUNDUP($Q22/10,0)*ストレージ個人ゲノムQuota設定のみ単価*(T22/年間日数),0),IF( $D22=CPU1_,ROUNDDOWN(($Q22*CPU10単価*T22/30),0),IF( $D22=CPU2_,ROUNDDOWN(($Q22*CPU11単価*T22/30),0),IF( $D22=Mem1_,ROUNDDOWN(($Q22*Mem1単価*T22/30),0),IF( $D22=Mem2_,ROUNDDOWN(($Q22*Mem2単価*T22/30),0),IF( $D22=Acc1_,ROUNDDOWN(($Q22*Acc1単価*T22/30),0),IF( $D22=Acc2_,ROUNDDOWN(($Q22*Acc2単価*T22/30),0),IF( $D22=Acc3_,ROUNDDOWN(($Q22*Acc3単価*T22/30),0),"" ) ) ) ) ) ) ) ) ) ) -> 0 | X22: =IF(O22="","",SUM(U22:W22)) -> 5625
O23: =IF( AND(SUM(E23:N23)>0,OR(C23=Sheet1!$A$1,C23=Sheet1!$A$2)), CONCATENATE(SUM(E23:N23),"TB"), IF( AND(SUM(E23:N23)>0,OR(C23=Sheet1!$A$6,C23=Sheet1!$A$3,C23=Sheet1!$A$7,C23=Sheet1!$A$4),D23=Sheet1!$H$6), CONCATENATE(SUM(E23:N23),"台"), IF( AND( SUM(E23:N23)>0, OR(C23=Sheet1!$A$6,C23=Sheet1!$A$3,C23=Sheet1!$A$7,C23=Sheet1!$A$4,C23=Sheet1!$A$5), OR(D23=Sheet1!$B$6,D23=Sheet1!$C$6,D23=Sheet1!$D$6,D23=Sheet1!$E$6,D23=Sheet1!$F$6,D23=Sheet1!$G$6) ), CONCATENATE(SUM(E23:N23),"単位"), "" ) ) ) | P23: =C23&D23 | Q23: =SUM(E23:N23) -> 0 | R23: =IF(AND($A23<=DATE(年,4,1),$B23>=DATE(年,7,31)),DATEDIF(DATE(年,4,1),DATE(年,7,31),"d")+1,IF(AND($A23>DATE(年,4,1),$A23<=DATE(年,7,31),$B23>=DATE(年,7,31)),DATEDIF($A23,DATE(年,7,31),"d")+1,IF(AND($A23<=DATE(年,4,1),$B23>=DATE(年,4,1),$B23<=DATE(年,7,31)),DATEDIF(DATE(年,4,1),$B23,"d")+1,IF(AND($A23>=DATE(年,4,1),$A23<=DATE(年,7,31),$B23>=DATE(年,4,1),$B23<=DATE(年,7,31)),DATEDIF(A23,B23,"d")+1,0)))) -> 0 | S23: =IF(AND($A23<=DATE(年,8,1),$B23>=DATE(年,11,30)),DATEDIF(DATE(年,8,1),DATE(年,11,30),"d")+1,IF(AND($A23>DATE(年,8,1),$A23<=DATE(年,11,30),$B23>=DATE(年,11,30)),DATEDIF($A23,DATE(年,11,30),"d")+1,IF(AND($A23<=DATE(年,8,1),$B23>=DATE(年,8,1),$B23<=DATE(年,11,30)),DATEDIF(DATE(年,8,1),$B23,"d")+1,IF(AND($A23>=DATE(年,8,1),$A23<=DATE(年,11,30),$B23>=DATE(年,8,1),$B23<=DATE(年,11,30)),DATEDIF($A23,$B23,"d")+1,0)))) -> 0 | T23: =IF(AND($A23<=DATE(年,12,1),$B23>=DATE(年+1,3,31)),DATEDIF(DATE(年,12,1),DATE(年+1,3,31),"d")+1,IF(AND($A23>DATE(年,12,1),$A23<=DATE(年+1,3,31),$B23>=DATE(年+1,3,31)),DATEDIF($A23,DATE(年+1,3,31),"d")+1,IF(AND($A23<=DATE(年,12,1),$B23>=DATE(年,12,1),$B23<=DATE(年+1,3,31)),DATEDIF(DATE(年,12,1),$B23,"d")+1,IF(AND(A23>=DATE(年,12,1),$A23<=DATE(年+1,3,31),$B23>=DATE(年,12,1),$B23<=DATE(年+1,3,31)),DATEDIF($A23,$B23,"d")+1,0)))) -> 0 | U23: =IF( AND($P23=ストレージ一般解析Quota設定のみ,$Q23<=30),0,IF( AND($P23=ストレージ一般解析Quota設定のみ,$Q23>30),ROUNDDOWN(ROUNDUP($Q23/10,0)*ストレージ一般解析Quota設定のみ単価*(R23/年間日数),0),IF( AND($P23=ストレージ個人ゲノムQuota設定のみ),ROUNDDOWN(ROUNDUP($Q23/10,0)*ストレージ個人ゲノムQuota設定のみ単価*(R23/年間日数),0),IF( $D23=CPU1_,ROUNDDOWN(($Q23*CPU11単価*R23/30),0),IF( $D23=CPU2_,ROUNDDOWN(($Q23*CPU12単価*R23/30),0),IF( $D23=Mem1_,ROUNDDOWN(($Q23*Mem1単価*R23/30),0),IF( $D23=Mem2_,ROUNDDOWN(($Q23*Mem2単価*R23/30),0),IF( $D23=Acc1_,ROUNDDOWN(($Q23*Acc1単価*R23/30),0),IF( $D23=Acc2_,ROUNDDOWN(($Q23*Acc2単価*R23/30),0),IF( $D23=Acc3_,ROUNDDOWN(($Q23*Acc3単価*R23/30),0),"" ) ) ) ) ) ) ) ) ) ) | V23: =IF( AND($P23=ストレージ一般解析Quota設定のみ,$Q23<=30),0,IF( AND($P23=ストレージ一般解析Quota設定のみ,$Q23>30),ROUNDDOWN(ROUNDUP($Q23/10,0)*ストレージ一般解析Quota設定のみ単価*(S23/年間日数),0),IF( AND($P23=ストレージ個人ゲノムQuota設定のみ),ROUNDDOWN(ROUNDUP($Q23/10,0)*ストレージ個人ゲノムQuota設定のみ単価*(S23/年間日数),0),IF( $D23=CPU1_,ROUNDDOWN(($Q23*CPU11単価*S23/30),0),IF( $D23=CPU2_,ROUNDDOWN(($Q23*CPU12単価*S23/30),0),IF( $D23=Mem1_,ROUNDDOWN(($Q23*Mem1単価*S23/30),0),IF( $D23=Mem2_,ROUNDDOWN(($Q23*Mem2単価*S23/30),0),IF( $D23=Acc1_,ROUNDDOWN(($Q23*Acc1単価*S23/30),0),IF( $D23=Acc2_,ROUNDDOWN(($Q23*Acc2単価*S23/30),0),IF( $D23=Acc3_,ROUNDDOWN(($Q23*Acc3単価*S23/30),0),"" ) ) ) ) ) ) ) ) ) ) | W23: =IF( AND($P23=ストレージ一般解析Quota設定のみ,$Q23<=30),0,IF( AND($P23=ストレージ一般解析Quota設定のみ,$Q23>30),ROUNDDOWN(ROUNDUP($Q23/10,0)*ストレージ一般解析Quota設定のみ単価*(T23/年間日数),0),IF( AND($P23=ストレージ個人ゲノムQuota設定のみ),ROUNDDOWN(ROUNDUP($Q23/10,0)*ストレージ個人ゲノムQuota設定のみ単価*(T23/年間日数),0),IF( $D23=CPU1_,ROUNDDOWN(($Q23*CPU11単価*T23/30),0),IF( $D23=CPU2_,ROUNDDOWN(($Q23*CPU12単価*T23/30),0),IF( $D23=Mem1_,ROUNDDOWN(($Q23*Mem1単価*T23/30),0),IF( $D23=Mem2_,ROUNDDOWN(($Q23*Mem2単価*T23/30),0),IF( $D23=Acc1_,ROUNDDOWN(($Q23*Acc1単価*T23/30),0),IF( $D23=Acc2_,ROUNDDOWN(($Q23*Acc2単価*T23/30),0),IF( $D23=Acc3_,ROUNDDOWN(($Q23*Acc3単価*T23/30),0),"" ) ) ) ) ) ) ) ) ) ) | X23: =IF(O23="","",SUM(U23:W23))
O24: =IF( AND(SUM(E24:N24)>0,OR(C24=Sheet1!$A$1,C24=Sheet1!$A$2)), CONCATENATE(SUM(E24:N24),"TB"), IF( AND(SUM(E24:N24)>0,OR(C24=Sheet1!$A$6,C24=Sheet1!$A$3,C24=Sheet1!$A$7,C24=Sheet1!$A$4),D24=Sheet1!$H$6), CONCATENATE(SUM(E24:N24),"台"), IF( AND( SUM(E24:N24)>0, OR(C24=Sheet1!$A$6,C24=Sheet1!$A$3,C24=Sheet1!$A$7,C24=Sheet1!$A$4,C24=Sheet1!$A$5), OR(D24=Sheet1!$B$6,D24=Sheet1!$C$6,D24=Sheet1!$D$6,D24=Sheet1!$E$6,D24=Sheet1!$F$6,D24=Sheet1!$G$6) ), CONCATENATE(SUM(E24:N24),"単位"), "" ) ) ) | P24: =C24&D24 | Q24: =SUM(E24:N24) -> 0 | R24: =IF(AND($A24<=DATE(年,4,1),$B24>=DATE(年,7,31)),DATEDIF(DATE(年,4,1),DATE(年,7,31),"d")+1,IF(AND($A24>DATE(年,4,1),$A24<=DATE(年,7,31),$B24>=DATE(年,7,31)),DATEDIF($A24,DATE(年,7,31),"d")+1,IF(AND($A24<=DATE(年,4,1),$B24>=DATE(年,4,1),$B24<=DATE(年,7,31)),DATEDIF(DATE(年,4,1),$B24,"d")+1,IF(AND($A24>=DATE(年,4,1),$A24<=DATE(年,7,31),$B24>=DATE(年,4,1),$B24<=DATE(年,7,31)),DATEDIF(A24,B24,"d")+1,0)))) -> 0 | S24: =IF(AND($A24<=DATE(年,8,1),$B24>=DATE(年,11,30)),DATEDIF(DATE(年,8,1),DATE(年,11,30),"d")+1,IF(AND($A24>DATE(年,8,1),$A24<=DATE(年,11,30),$B24>=DATE(年,11,30)),DATEDIF($A24,DATE(年,11,30),"d")+1,IF(AND($A24<=DATE(年,8,1),$B24>=DATE(年,8,1),$B24<=DATE(年,11,30)),DATEDIF(DATE(年,8,1),$B24,"d")+1,IF(AND($A24>=DATE(年,8,1),$A24<=DATE(年,11,30),$B24>=DATE(年,8,1),$B24<=DATE(年,11,30)),DATEDIF($A24,$B24,"d")+1,0)))) -> 0 | T24: =IF(AND($A24<=DATE(年,12,1),$B24>=DATE(年+1,3,31)),DATEDIF(DATE(年,12,1),DATE(年+1,3,31),"d")+1,IF(AND($A24>DATE(年,12,1),$A24<=DATE(年+1,3,31),$B24>=DATE(年+1,3,31)),DATEDIF($A24,DATE(年+1,3,31),"d")+1,IF(AND($A24<=DATE(年,12,1),$B24>=DATE(年,12,1),$B24<=DATE(年+1,3,31)),DATEDIF(DATE(年,12,1),$B24,"d")+1,IF(AND(A24>=DATE(年,12,1),$A24<=DATE(年+1,3,31),$B24>=DATE(年,12,1),$B24<=DATE(年+1,3,31)),DATEDIF($A24,$B24,"d")+1,0)))) -> 0 | U24: =IF( AND($P24=ストレージ一般解析Quota設定のみ,$Q24<=30),0,IF( AND($P24=ストレージ一般解析Quota設定のみ,$Q24>30),ROUNDDOWN(ROUNDUP($Q24/10,0)*ストレージ一般解析Quota設定のみ単価*(R24/年間日数),0),IF( AND($P24=ストレージ個人ゲノムQuota設定のみ),ROUNDDOWN(ROUNDUP($Q24/10,0)*ストレージ個人ゲノムQuota設定のみ単価*(R24/年間日数),0),IF( $D24=CPU1_,ROUNDDOWN(($Q24*CPU12単価*R24/30),0),IF( $D24=CPU2_,ROUNDDOWN(($Q24*CPU13単価*R24/30),0),IF( $D24=Mem1_,ROUNDDOWN(($Q24*Mem1単価*R24/30),0),IF( $D24=Mem2_,ROUNDDOWN(($Q24*Mem2単価*R24/30),0),IF( $D24=Acc1_,ROUNDDOWN(($Q24*Acc1単価*R24/30),0),IF( $D24=Acc2_,ROUNDDOWN(($Q24*Acc2単価*R24/30),0),IF( $D24=Acc3_,ROUNDDOWN(($Q24*Acc3単価*R24/30),0),"" ) ) ) ) ) ) ) ) ) ) | V24: =IF( AND($P24=ストレージ一般解析Quota設定のみ,$Q24<=30),0,IF( AND($P24=ストレージ一般解析Quota設定のみ,$Q24>30),ROUNDDOWN(ROUNDUP($Q24/10,0)*ストレージ一般解析Quota設定のみ単価*(S24/年間日数),0),IF( AND($P24=ストレージ個人ゲノムQuota設定のみ),ROUNDDOWN(ROUNDUP($Q24/10,0)*ストレージ個人ゲノムQuota設定のみ単価*(S24/年間日数),0),IF( $D24=CPU1_,ROUNDDOWN(($Q24*CPU12単価*S24/30),0),IF( $D24=CPU2_,ROUNDDOWN(($Q24*CPU13単価*S24/30),0),IF( $D24=Mem1_,ROUNDDOWN(($Q24*Mem1単価*S24/30),0),IF( $D24=Mem2_,ROUNDDOWN(($Q24*Mem2単価*S24/30),0),IF( $D24=Acc1_,ROUNDDOWN(($Q24*Acc1単価*S24/30),0),IF( $D24=Acc2_,ROUNDDOWN(($Q24*Acc2単価*S24/30),0),IF( $D24=Acc3_,ROUNDDOWN(($Q24*Acc3単価*S24/30),0),"" ) ) ) ) ) ) ) ) ) ) | W24: =IF( AND($P24=ストレージ一般解析Quota設定のみ,$Q24<=30),0,IF( AND($P24=ストレージ一般解析Quota設定のみ,$Q24>30),ROUNDDOWN(ROUNDUP($Q24/10,0)*ストレージ一般解析Quota設定のみ単価*(T24/年間日数),0),IF( AND($P24=ストレージ個人ゲノムQuota設定のみ),ROUNDDOWN(ROUNDUP($Q24/10,0)*ストレージ個人ゲノムQuota設定のみ単価*(T24/年間日数),0),IF( $D24=CPU1_,ROUNDDOWN(($Q24*CPU12単価*T24/30),0),IF( $D24=CPU2_,ROUNDDOWN(($Q24*CPU13単価*T24/30),0),IF( $D24=Mem1_,ROUNDDOWN(($Q24*Mem1単価*T24/30),0),IF( $D24=Mem2_,ROUNDDOWN(($Q24*Mem2単価*T24/30),0),IF( $D24=Acc1_,ROUNDDOWN(($Q24*Acc1単価*T24/30),0),IF( $D24=Acc2_,ROUNDDOWN(($Q24*Acc2単価*T24/30),0),IF( $D24=Acc3_,ROUNDDOWN(($Q24*Acc3単価*T24/30),0),"" ) ) ) ) ) ) ) ) ) ) | X24: =IF(O24="","",SUM(U24:W24))
O25: =IF( AND(SUM(E25:N25)>0,OR(C25=Sheet1!$A$1,C25=Sheet1!$A$2)), CONCATENATE(SUM(E25:N25),"TB"), IF( AND(SUM(E25:N25)>0,OR(C25=Sheet1!$A$6,C25=Sheet1!$A$3,C25=Sheet1!$A$7,C25=Sheet1!$A$4),D25=Sheet1!$H$6), CONCATENATE(SUM(E25:N25),"台"), IF( AND( SUM(E25:N25)>0, OR(C25=Sheet1!$A$6,C25=Sheet1!$A$3,C25=Sheet1!$A$7,C25=Sheet1!$A$4,C25=Sheet1!$A$5), OR(D25=Sheet1!$B$6,D25=Sheet1!$C$6,D25=Sheet1!$D$6,D25=Sheet1!$E$6,D25=Sheet1!$F$6,D25=Sheet1!$G$6) ), CONCATENATE(SUM(E25:N25),"単位"), "" ) ) ) | P25: =C25&D25 | Q25: =SUM(E25:N25) -> 0 | R25: =IF(AND($A25<=DATE(年,4,1),$B25>=DATE(年,7,31)),DATEDIF(DATE(年,4,1),DATE(年,7,31),"d")+1,IF(AND($A25>DATE(年,4,1),$A25<=DATE(年,7,31),$B25>=DATE(年,7,31)),DATEDIF($A25,DATE(年,7,31),"d")+1,IF(AND($A25<=DATE(年,4,1),$B25>=DATE(年,4,1),$B25<=DATE(年,7,31)),DATEDIF(DATE(年,4,1),$B25,"d")+1,IF(AND($A25>=DATE(年,4,1),$A25<=DATE(年,7,31),$B25>=DATE(年,4,1),$B25<=DATE(年,7,31)),DATEDIF(A25,B25,"d")+1,0)))) -> 0 | S25: =IF(AND($A25<=DATE(年,8,1),$B25>=DATE(年,11,30)),DATEDIF(DATE(年,8,1),DATE(年,11,30),"d")+1,IF(AND($A25>DATE(年,8,1),$A25<=DATE(年,11,30),$B25>=DATE(年,11,30)),DATEDIF($A25,DATE(年,11,30),"d")+1,IF(AND($A25<=DATE(年,8,1),$B25>=DATE(年,8,1),$B25<=DATE(年,11,30)),DATEDIF(DATE(年,8,1),$B25,"d")+1,IF(AND($A25>=DATE(年,8,1),$A25<=DATE(年,11,30),$B25>=DATE(年,8,1),$B25<=DATE(年,11,30)),DATEDIF($A25,$B25,"d")+1,0)))) -> 0 | T25: =IF(AND($A25<=DATE(年,12,1),$B25>=DATE(年+1,3,31)),DATEDIF(DATE(年,12,1),DATE(年+1,3,31),"d")+1,IF(AND($A25>DATE(年,12,1),$A25<=DATE(年+1,3,31),$B25>=DATE(年+1,3,31)),DATEDIF($A25,DATE(年+1,3,31),"d")+1,IF(AND($A25<=DATE(年,12,1),$B25>=DATE(年,12,1),$B25<=DATE(年+1,3,31)),DATEDIF(DATE(年,12,1),$B25,"d")+1,IF(AND(A25>=DATE(年,12,1),$A25<=DATE(年+1,3,31),$B25>=DATE(年,12,1),$B25<=DATE(年+1,3,31)),DATEDIF($A25,$B25,"d")+1,0)))) -> 0 | U25: =IF( AND($P25=ストレージ一般解析Quota設定のみ,$Q25<=30),0,IF( AND($P25=ストレージ一般解析Quota設定のみ,$Q25>30),ROUNDDOWN(ROUNDUP($Q25/10,0)*ストレージ一般解析Quota設定のみ単価*(R25/年間日数),0),IF( AND($P25=ストレージ個人ゲノムQuota設定のみ),ROUNDDOWN(ROUNDUP($Q25/10,0)*ストレージ個人ゲノムQuota設定のみ単価*(R25/年間日数),0),IF( $D25=CPU1_,ROUNDDOWN(($Q25*CPU13単価*R25/30),0),IF( $D25=CPU2_,ROUNDDOWN(($Q25*CPU14単価*R25/30),0),IF( $D25=Mem1_,ROUNDDOWN(($Q25*Mem1単価*R25/30),0),IF( $D25=Mem2_,ROUNDDOWN(($Q25*Mem2単価*R25/30),0),IF( $D25=Acc1_,ROUNDDOWN(($Q25*Acc1単価*R25/30),0),IF( $D25=Acc2_,ROUNDDOWN(($Q25*Acc2単価*R25/30),0),IF( $D25=Acc3_,ROUNDDOWN(($Q25*Acc3単価*R25/30),0),"" ) ) ) ) ) ) ) ) ) ) | V25: =IF( AND($P25=ストレージ一般解析Quota設定のみ,$Q25<=30),0,IF( AND($P25=ストレージ一般解析Quota設定のみ,$Q25>30),ROUNDDOWN(ROUNDUP($Q25/10,0)*ストレージ一般解析Quota設定のみ単価*(S25/年間日数),0),IF( AND($P25=ストレージ個人ゲノムQuota設定のみ),ROUNDDOWN(ROUNDUP($Q25/10,0)*ストレージ個人ゲノムQuota設定のみ単価*(S25/年間日数),0),IF( $D25=CPU1_,ROUNDDOWN(($Q25*CPU13単価*S25/30),0),IF( $D25=CPU2_,ROUNDDOWN(($Q25*CPU14単価*S25/30),0),IF( $D25=Mem1_,ROUNDDOWN(($Q25*Mem1単価*S25/30),0),IF( $D25=Mem2_,ROUNDDOWN(($Q25*Mem2単価*S25/30),0),IF( $D25=Acc1_,ROUNDDOWN(($Q25*Acc1単価*S25/30),0),IF( $D25=Acc2_,ROUNDDOWN(($Q25*Acc2単価*S25/30),0),IF( $D25=Acc3_,ROUNDDOWN(($Q25*Acc3単価*S25/30),0),"" ) ) ) ) ) ) ) ) ) ) | W25: =IF( AND($P25=ストレージ一般解析Quota設定のみ,$Q25<=30),0,IF( AND($P25=ストレージ一般解析Quota設定のみ,$Q25>30),ROUNDDOWN(ROUNDUP($Q25/10,0)*ストレージ一般解析Quota設定のみ単価*(T25/年間日数),0),IF( AND($P25=ストレージ個人ゲノムQuota設定のみ),ROUNDDOWN(ROUNDUP($Q25/10,0)*ストレージ個人ゲノムQuota設定のみ単価*(T25/年間日数),0),IF( $D25=CPU1_,ROUNDDOWN(($Q25*CPU13単価*T25/30),0),IF( $D25=CPU2_,ROUNDDOWN(($Q25*CPU14単価*T25/30),0),IF( $D25=Mem1_,ROUNDDOWN(($Q25*Mem1単価*T25/30),0),IF( $D25=Mem2_,ROUNDDOWN(($Q25*Mem2単価*T25/30),0),IF( $D25=Acc1_,ROUNDDOWN(($Q25*Acc1単価*T25/30),0),IF( $D25=Acc2_,ROUNDDOWN(($Q25*Acc2単価*T25/30),0),IF( $D25=Acc3_,ROUNDDOWN(($Q25*Acc3単価*T25/30),0),"" ) ) ) ) ) ) ) ) ) ) | X25: =IF(O25="","",SUM(U25:W25))
O26: =IF( AND(SUM(E26:N26)>0,OR(C26=Sheet1!$A$1,C26=Sheet1!$A$2)), CONCATENATE(SUM(E26:N26),"TB"), IF( AND(SUM(E26:N26)>0,OR(C26=Sheet1!$A$6,C26=Sheet1!$A$3,C26=Sheet1!$A$7,C26=Sheet1!$A$4),D26=Sheet1!$H$6), CONCATENATE(SUM(E26:N26),"台"), IF( AND( SUM(E26:N26)>0, OR(C26=Sheet1!$A$6,C26=Sheet1!$A$3,C26=Sheet1!$A$7,C26=Sheet1!$A$4,C26=Sheet1!$A$5), OR(D26=Sheet1!$B$6,D26=Sheet1!$C$6,D26=Sheet1!$D$6,D26=Sheet1!$E$6,D26=Sheet1!$F$6,D26=Sheet1!$G$6) ), CONCATENATE(SUM(E26:N26),"単位"), "" ) ) ) | P26: =C26&D26 | Q26: =SUM(E26:N26) -> 0 | R26: =IF(AND($A26<=DATE(年,4,1),$B26>=DATE(年,7,31)),DATEDIF(DATE(年,4,1),DATE(年,7,31),"d")+1,IF(AND($A26>DATE(年,4,1),$A26<=DATE(年,7,31),$B26>=DATE(年,7,31)),DATEDIF($A26,DATE(年,7,31),"d")+1,IF(AND($A26<=DATE(年,4,1),$B26>=DATE(年,4,1),$B26<=DATE(年,7,31)),DATEDIF(DATE(年,4,1),$B26,"d")+1,IF(AND($A26>=DATE(年,4,1),$A26<=DATE(年,7,31),$B26>=DATE(年,4,1),$B26<=DATE(年,7,31)),DATEDIF(A26,B26,"d")+1,0)))) -> 0 | S26: =IF(AND($A26<=DATE(年,8,1),$B26>=DATE(年,11,30)),DATEDIF(DATE(年,8,1),DATE(年,11,30),"d")+1,IF(AND($A26>DATE(年,8,1),$A26<=DATE(年,11,30),$B26>=DATE(年,11,30)),DATEDIF($A26,DATE(年,11,30),"d")+1,IF(AND($A26<=DATE(年,8,1),$B26>=DATE(年,8,1),$B26<=DATE(年,11,30)),DATEDIF(DATE(年,8,1),$B26,"d")+1,IF(AND($A26>=DATE(年,8,1),$A26<=DATE(年,11,30),$B26>=DATE(年,8,1),$B26<=DATE(年,11,30)),DATEDIF($A26,$B26,"d")+1,0)))) -> 0 | T26: =IF(AND($A26<=DATE(年,12,1),$B26>=DATE(年+1,3,31)),DATEDIF(DATE(年,12,1),DATE(年+1,3,31),"d")+1,IF(AND($A26>DATE(年,12,1),$A26<=DATE(年+1,3,31),$B26>=DATE(年+1,3,31)),DATEDIF($A26,DATE(年+1,3,31),"d")+1,IF(AND($A26<=DATE(年,12,1),$B26>=DATE(年,12,1),$B26<=DATE(年+1,3,31)),DATEDIF(DATE(年,12,1),$B26,"d")+1,IF(AND(A26>=DATE(年,12,1),$A26<=DATE(年+1,3,31),$B26>=DATE(年,12,1),$B26<=DATE(年+1,3,31)),DATEDIF($A26,$B26,"d")+1,0)))) -> 0 | U26: =IF( AND($P26=ストレージ一般解析Quota設定のみ,$Q26<=30),0,IF( AND($P26=ストレージ一般解析Quota設定のみ,$Q26>30),ROUNDDOWN(ROUNDUP($Q26/10,0)*ストレージ一般解析Quota設定のみ単価*(R26/年間日数),0),IF( AND($P26=ストレージ個人ゲノムQuota設定のみ),ROUNDDOWN(ROUNDUP($Q26/10,0)*ストレージ個人ゲノムQuota設定のみ単価*(R26/年間日数),0),IF( $D26=CPU1_,ROUNDDOWN(($Q26*CPU14単価*R26/30),0),IF( $D26=CPU2_,ROUNDDOWN(($Q26*CPU15単価*R26/30),0),IF( $D26=Mem1_,ROUNDDOWN(($Q26*Mem1単価*R26/30),0),IF( $D26=Mem2_,ROUNDDOWN(($Q26*Mem2単価*R26/30),0),IF( $D26=Acc1_,ROUNDDOWN(($Q26*Acc1単価*R26/30),0),IF( $D26=Acc2_,ROUNDDOWN(($Q26*Acc2単価*R26/30),0),IF( $D26=Acc3_,ROUNDDOWN(($Q26*Acc3単価*R26/30),0),"" ) ) ) ) ) ) ) ) ) ) | V26: =IF( AND($P26=ストレージ一般解析Quota設定のみ,$Q26<=30),0,IF( AND($P26=ストレージ一般解析Quota設定のみ,$Q26>30),ROUNDDOWN(ROUNDUP($Q26/10,0)*ストレージ一般解析Quota設定のみ単価*(S26/年間日数),0),IF( AND($P26=ストレージ個人ゲノムQuota設定のみ),ROUNDDOWN(ROUNDUP($Q26/10,0)*ストレージ個人ゲノムQuota設定のみ単価*(S26/年間日数),0),IF( $D26=CPU1_,ROUNDDOWN(($Q26*CPU14単価*S26/30),0),IF( $D26=CPU2_,ROUNDDOWN(($Q26*CPU15単価*S26/30),0),IF( $D26=Mem1_,ROUNDDOWN(($Q26*Mem1単価*S26/30),0),IF( $D26=Mem2_,ROUNDDOWN(($Q26*Mem2単価*S26/30),0),IF( $D26=Acc1_,ROUNDDOWN(($Q26*Acc1単価*S26/30),0),IF( $D26=Acc2_,ROUNDDOWN(($Q26*Acc2単価*S26/30),0),IF( $D26=Acc3_,ROUNDDOWN(($Q26*Acc3単価*S26/30),0),"" ) ) ) ) ) ) ) ) ) ) | W26: =IF( AND($P26=ストレージ一般解析Quota設定のみ,$Q26<=30),0,IF( AND($P26=ストレージ一般解析Quota設定のみ,$Q26>30),ROUNDDOWN(ROUNDUP($Q26/10,0)*ストレージ一般解析Quota設定のみ単価*(T26/年間日数),0),IF( AND($P26=ストレージ個人ゲノムQuota設定のみ),ROUNDDOWN(ROUNDUP($Q26/10,0)*ストレージ個人ゲノムQuota設定のみ単価*(T26/年間日数),0),IF( $D26=CPU1_,ROUNDDOWN(($Q26*CPU14単価*T26/30),0),IF( $D26=CPU2_,ROUNDDOWN(($Q26*CPU15単価*T26/30),0),IF( $D26=Mem1_,ROUNDDOWN(($Q26*Mem1単価*T26/30),0),IF( $D26=Mem2_,ROUNDDOWN(($Q26*Mem2単価*T26/30),0),IF( $D26=Acc1_,ROUNDDOWN(($Q26*Acc1単価*T26/30),0),IF( $D26=Acc2_,ROUNDDOWN(($Q26*Acc2単価*T26/30),0),IF( $D26=Acc3_,ROUNDDOWN(($Q26*Acc3単価*T26/30),0),"" ) ) ) ) ) ) ) ) ) ) | X26: =IF(O26="","",SUM(U26:W26))
A27: 計算ノード優先利用_一般解析区画 料金合計 | U27: =SUMIFS(U12:U26,$C12:$C26,Sheet1!$A$6) -> 0 | V27: =SUMIFS(V12:V26,$C12:$C26,Sheet1!$A$6) -> 0 | W27: =SUMIFS(W12:W26,$C12:$C26,Sheet1!$A$6) -> 0 | X27: =SUM(U27:W27) -> 0
A28: 計算ノード占有利用_一般解析区画 料金合計 | U28: =SUMIFS(U12:U26,$C12:$C26,Sheet1!$A$3) -> 1000 | V28: =SUMIFS(V12:V26,$C12:$C26,Sheet1!$A$3) -> 82666 | W28: =SUMIFS(W12:W26,$C12:$C26,Sheet1!$A$3) -> 0 | X28: =SUM(U28:W28) -> 83666
A29: 計算ノード優先利用_個人ゲノム区画 料金合計 | U29: =SUMIFS(U12:U26,$C12:$C26,Sheet1!$A$7) -> 0 | V29: =SUMIFS(V12:V26,$C12:$C26,Sheet1!$A$7) -> 0 | W29: =SUMIFS(W12:W26,$C12:$C26,Sheet1!$A$7) -> 0 | X29: =SUM(U29:W29) -> 0
A30: 計算ノード占有利用_個人ゲノム区画 料金合計 | U30: =SUMIFS(U12:U26,$C12:$C26,Sheet1!$A$4) -> 0 | V30: =SUMIFS(V12:V26,$C12:$C26,Sheet1!$A$4) -> 0 | W30: =SUMIFS(W12:W26,$C12:$C26,Sheet1!$A$4) -> 408333 | X30: =SUM(U30:W30) -> 408333
A31: 計算ノードGPU専用Slurm_個人ゲノム区画 料金合計 | U31: =SUMIFS(U12:U26,$C12:$C26,Sheet1!$A$5) -> 5625 | V31: =SUMIFS(V12:V26,$C12:$C26,Sheet1!$A$5) -> 0 | W31: =SUMIFS(W12:W26,$C12:$C26,Sheet1!$A$5) -> 0 | X31: =SUM(U31:W31) -> 5625
A32: ストレージ大規模利用_一般解析区画 - Quota設定のみ 料金合計 | U32: =SUMIFS(U12:U26,$C12:$C26,Sheet1!$A$1,$D12:$D26,Sheet1!$B$1) -> 147068 | V32: =SUMIFS(V12:V26,$C12:$C26,Sheet1!$A$1,$D12:$D26,Sheet1!$B$1) -> 153753 | W32: =SUMIFS(W12:W26,$C12:$C26,Sheet1!$A$1,$D12:$D26,Sheet1!$B$1) -> 159123 | X32: =SUM(U32:W32) -> 459944
A33: ストレージ大規模利用_個人ゲノム区画 - Quota設定のみ 料金合計 | U33: =SUMIFS(U12:U26,$C12:$C26,Sheet1!$A$2,$D12:$D26,Sheet1!$B$2) -> 120328 | V33: =SUMIFS(V12:V26,$C12:$C26,Sheet1!$A$2,$D12:$D26,Sheet1!$B$2) -> 94136 | W33: =SUMIFS(W12:W26,$C12:$C26,Sheet1!$A$2,$D12:$D26,Sheet1!$B$2) -> 108493 | X33: =SUM(U33:W33) -> 322957
A34: 消費税 | U34: =ROUNDDOWN(SUM(U12:U26)*(消費税-1),0) -> 27402 | V34: =ROUNDDOWN(SUM(V12:V26)*(消費税-1),0) -> 33055 | W34: =ROUNDDOWN(SUM(W12:W26)*(消費税-1),0) -> 67594 | X34: =SUM(U34:W34) -> 128051
A35: 料金合計 | U35: =SUM(U12:U26)+U34 -> 301423 | V35: =SUM(V12:V26)+V34 -> 363610 | W35: =SUM(W12:W26)+W34 -> 743543 | X35: =SUM(X12:X26)+X34 -> 1408576

Sheet Sheet1
A1: ストレージ大規模利用_一般解析区画 | B1: Quota設定のみ
A2: ストレージ大規模利用_個人ゲノム区画 | B2: Quota設定のみ
A3: 計算ノード占有利用_一般解析区画 | B3: CPU最適化ノードType1(1単位 = 1CPUコア 8GBメモリ) | C3: CPU最適化ノードType2(1単位 = 1CPUコア 4GBメモリ) | D3: Memory最適化ノードType2(1単位 = 64CPUコア 1TBメモリ)
A4: 計算ノード占有利用_個人ゲノム区画 | B4: CPU最適化ノードType1(1単位 = 1CPUコア 8GBメモリ) | C4: CPU最適化ノードType2(1単位 = 1CPUコア 4GBメモリ) | D4: Memory最適化ノードType2(1単位 = 64CPUコア 1TBメモリ) | E4: Accelerator最適化ノードType1(1単位 = 1GPU 14CPUコア 250GBメモリ) | F4: Accelerator最適化ノードType2(1単位 = 1GPU 16CPUコア 192GBメモリ) | G4: Accelerator最適化ノードType3(1台)
A5: 計算ノードGPU専用Slurm_個人ゲノム区画 | B5: Accelerator最適化ノードType2(1単位 = 1GPU 16CPUコア 192GBメモリ)
A6: 計算ノード優先利用_一般解析区画 | B6: CPU最適化ノードType1(1単位 = 1CPUコア 8GBメモリ) | C6: CPU最適化ノードType2(1単位 = 1CPUコア 4GBメモリ) | D6: Memory最適化ノードType1(1単位 = 32CPUコア 1TBメモリ) | E6: Memory最適化ノードType2(1単位 = 64CPUコア 1TBメモリ) | F6: Accelerator最適化ノードType1(1単位 = 1GPU 14CPUコア 250GBメモリ) | G6: Accelerator最適化ノードType2(1単位 = 1GPU 16CPUコア 192GBメモリ) | H6: Accelerator最適化ノードType3(1台)
A7: 計算ノード優先利用_個人ゲノム区画 | B7: CPU最適化ノードType1(1単位 = 1CPUコア 8GBメモリ) | C7: CPU最適化ノードType2(1単位 = 1CPUコア 4GBメモリ) | D7: Memory最適化ノードType1(1単位 = 32CPUコア 1TBメモリ) | E7: Memory最適化ノードType2(1単位 = 64CPUコア 1TBメモリ) | F7: Accelerator最適化ノードType1(1単位 = 1GPU 14CPUコア 250GBメモリ) | G7: Accelerator最適化ノードType2(1単位 = 1GPU 16CPUコア 192GBメモリ) | H7: Accelerator最適化ノードType3(1台)
A9: ストレージ大規模利用_一般解析区画Quota設定のみ
A10: ストレージ大規模利用_個人ゲノム区画Quota設定のみ
A13: 年間日数 | B13: =_xlfn.DAYS(DATE(年+1,3,31),DATE(年,4,1))+1 -> 365
A14: 消費税 | B14: 1.1
A15: ストレージ一般解析Quota設定のみ単価 | B15: 40000
A16: ストレージ個人ゲノムQuota設定のみ単価 | B16: 40000
A17: ストレージ個人ゲノムQuota設定のみ基本料金 | B17: 0
A18: CPU_Type1単価 | B18: 500
A19: CPU_Type2単価 | B19: 500
A20: Memory_Type1単価 | B20: 50000
A21: Memory_Type2単価 | B21: 40000
A22: Accelerator_type1単価 | B22: 180000
A23: Accelerator_type2単価 | B23: 56250
A24: Accelerator_type3単価 | B24: 270000
A25: CPU_Type1 | B25: CPU最適化ノードType1(1単位 = 1CPUコア 8GBメモリ)
A26: CPU_Type2 | B26: CPU最適化ノードType2(1単位 = 1CPUコア 4GBメモリ)
A27: Memory_Type1 | B27: Memory最適化ノードType1(1単位 = 32CPUコア 1TBメモリ)
A28: Memory_Type2 | B28: Memory最適化ノードType2(1単位 = 64CPUコア 1TBメモリ)
A29: Accelerator_type1 | B29: Accelerator最適化ノードType1(1単位 = 1GPU 14CPUコア 250GBメモリ)
A30: Accelerator_type2 | B30: Accelerator最適化ノードType2(1単位 = 1GPU 16CPUコア 192GBメモリ)
A31: Accelerator_type3 | B31: Accelerator最適化ノードType3(1台)

Sheet 表紙・文書履歴
A1: 文書管理番号: 【C-49】
A2: バージョン: 2026_v1.0.0
A3: 機密性1, 完全性1, 可用性1
A5: 作成者： 小笠原 理 | B5: 初版制定日: 2023/6/29 | D5: 更新日 | E5: 更新内容
A6: 更新者： 滝口 八重子 | B6: 最終更新日時: 2026/2/25 | D6: 45139 | E6: GPUノード料金改正にともない、バージョン更新 v1.0.0=>v1.1.0
A7: 承認者： 小笠原 理 | B7: 承認日: 2026/2/25 | D7: 45155 | E7: サービス欄のslurm項目「計算ノードGPU専用Slurm_個人ゲノム区画」を追加 バージョン更新v1.1.0=>v1.2.0
D8: 45155 | E8: 合計欄のslurm項目「計算ノードGPU専用Slurm_個人ゲノム区画」を修正 バージョン更新v1.2.0=>v1.2.1
D9: 45309 | E9: 2024年度版を作成した。2023年度版は、記録(c)へ移動した。バージョン更新v1.2.1=>2.0.0
D10: 45404 | E10: 【A-00】文書一覧表の文書管理番号が修正されたため、文書管理番号を修正した。バージョン更新v2.0.0=>2.1.0
D11: 45463 | E11: 表紙・文書履歴シートの書式を【C-06】リスクアセスメント結果表に合わせた。バージョン更新v2.1.0=>v2.2.0
D12: 45701 | E12: 2025年度版を作成した。料金表改定に伴う項目及び金額変更・消費税欄追加。2024年度版は、記録(C）へ移動した。バージョン更新v2.2.0=>2.3.0
D13: 45796 | E13: すべて税込み表記、「年間料金」を「合計」、消費税をカッコ表示にした。バージョン更新2.3.0=>v2.4.0
D14: 45821 | E14: 財務係から消費税は小数点以下切り捨ての指示あり 税抜き価格に消費税を加算する様式に変更した また、料金の算出についても小数点以下を切り捨てとした 記入例シートを修正した バージョン更新2.4.0=>v2.5.0
D15: 46078 | E15: 2026年度版を作成した。横合計を削除総合計を追加し、全て税込み表示とした。2025年度版は、記録(c)へ移動した。バージョン更新=>2026_v1.0.0
D16: 46191 | E16: 利用しない項目を削除した * サービス ・計算ノード優先利用_一般解析区画（削除） ・計算ノード優先利用_個人ゲノム区画 （削除） * 種別 ・Memory最適化ノードType1(1単位 = 32CPUコア 1TBメモリ) （削除） ・一般解析区画でアクセラレータ最適化ノードは選択できないようにした バージョン更新=>2026_v1.1.0
